﻿{
   "ИмяСборки":"Сборка Test console",
   "ВерсияПлатформы":"8.3.18",
   "КаталогФич": "$instrumentsRoot/features/Support/Templates/Console/ФичаДляПроверкиВыводаВКонсольШагом.feature",
   "ВыполнитьСценарии": true,
   "ЗавершитьРаботуСистемы": "Истина",
   "ЗакрытьTestClientПослеЗапускаСценариев": "Истина",
   "ЗапускатьКлиентТестированияСМаксимизированнымОкном": "Истина",
   "ИспользоватьКомпонентуVanessaExt": "Истина"
}
