﻿{
   "ИмяСборки":"Сборка Test console",
   "ВерсияПлатформы":"8.3.18",
   "КаталогФич": "$instrumentsRoot/features/Support/Templates/Console/ФичаДляПроверкиВыводаВКонсольФлагом.feature",
   "ВыполнитьСценарии": true,
   "ЗавершитьРаботуСистемы": "Истина",
   "ДелатьЛогВыполненияСценариевВТекстовыйФайл": "Истина",
   "ВыводитьЛогВКонсоль": "Истина",
   "ВыводитьВЛогВыполнениеШагов": "Истина",
   "ИмяФайлаЛогВыполненияСценариев": "",
   "ЗакрытьTestClientПослеЗапускаСценариев": "Истина",
   "ЗапускатьКлиентТестированияСМаксимизированнымОкном": "Истина",
   "ИспользоватьКомпонентуVanessaExt": "Истина"
}
