﻿<?xml version="1.0" encoding="UTF-8"?>
<Form xmlns="http://v8.1c.ru/8.3/xcf/logform" xmlns:app="http://v8.1c.ru/8.2/managed-application/core" xmlns:cfg="http://v8.1c.ru/8.1/data/enterprise/current-config" xmlns:dcscor="http://v8.1c.ru/8.1/data-composition-system/core" xmlns:dcsset="http://v8.1c.ru/8.1/data-composition-system/settings" xmlns:ent="http://v8.1c.ru/8.1/data/enterprise" xmlns:lf="http://v8.1c.ru/8.2/managed-application/logform" xmlns:style="http://v8.1c.ru/8.1/data/ui/style" xmlns:sys="http://v8.1c.ru/8.1/data/ui/fonts/system" xmlns:v8="http://v8.1c.ru/8.1/data/core" xmlns:v8ui="http://v8.1c.ru/8.1/data/ui" xmlns:web="http://v8.1c.ru/8.1/data/ui/colors/web" xmlns:win="http://v8.1c.ru/8.1/data/ui/colors/windows" xmlns:xr="http://v8.1c.ru/8.3/xcf/readable" xmlns:xs="http://www.w3.org/2001/XMLSchema" xmlns:xsi="http://www.w3.org/2001/XMLSchema-instance">
	<WindowOpeningMode>LockOwnerWindow</WindowOpeningMode>
	<UseForFoldersAndItems>Items</UseForFoldersAndItems>
	<AutoCommandBar name="ФормаКоманднаяПанель" id="-1">
		<ChildItems>
			<Popup name="Группа4" id="42">
				<Title>
					<v8:item>
						<v8:lang>ru</v8:lang>
						<v8:content>Команды</v8:content>
					</v8:item>
				</Title>
				<ExtendedTooltip name="Группа4РасширеннаяПодсказка" id="43"/>
				<ChildItems>
					<Button name="ФормаОткрытьМакет" id="46">
						<Type>CommandBarButton</Type>
						<CommandName>Form.Command.ОткрытьМакет</CommandName>
						<Parameter xsi:nil="true"/>
						<ExtendedTooltip name="ФормаОткрытьМакетРасширеннаяПодсказка" id="47"/>
					</Button>
					<Button name="СформироватьОтчет" id="7">
						<Type>CommandBarButton</Type>
						<CommandName>Form.Command.СформироватьОтчет</CommandName>
						<Parameter xsi:nil="true"/>
						<ExtendedTooltip name="СформироватьОтчетРасширеннаяПодсказка" id="8"/>
					</Button>
					<Button name="СформироватьОтчетСВертикальнойЧертой" id="14">
						<Type>CommandBarButton</Type>
						<CommandName>Form.Command.СформироватьОтчетСВертикальнойЧертой</CommandName>
						<Parameter xsi:nil="true"/>
						<ExtendedTooltip name="СформироватьОтчетСВертикальнойЧертойРасширеннаяПодсказка" id="15"/>
					</Button>
					<Button name="СформироватьОтчетОбъединенныеЯчейки" id="26">
						<Type>CommandBarButton</Type>
						<CommandName>Form.Command.СформироватьОтчетОбъединенныеЯчейки</CommandName>
						<Parameter xsi:nil="true"/>
						<ExtendedTooltip name="СформироватьОтчетОбъединенныеЯчейкиРасширеннаяПодсказка" id="27"/>
					</Button>
					<Button name="ОткрытьФайл" id="12">
						<Type>CommandBarButton</Type>
						<CommandName>Form.Command.ОткрытьФайл</CommandName>
						<Parameter xsi:nil="true"/>
						<ExtendedTooltip name="ОткрытьФайлРасширеннаяПодсказка" id="13"/>
					</Button>
					<Button name="СделатьСлужебноеСообщение" id="16">
						<Type>CommandBarButton</Type>
						<CommandName>Form.Command.СделатьСлужебноеСообщение</CommandName>
						<Parameter xsi:nil="true"/>
						<ExtendedTooltip name="СделатьСлужебноеСообщениеРасширеннаяПодсказка" id="17"/>
					</Button>
					<Button name="КомандаПоказатьВопросСНестандартнымДиалогом" id="18">
						<Type>CommandBarButton</Type>
						<CommandName>Form.Command.КомандаПоказатьВопросСНестандартнымДиалогом</CommandName>
						<Parameter xsi:nil="true"/>
						<ExtendedTooltip name="КомандаПоказатьВопросСНестандартнымДиалогомРасширеннаяПодсказка" id="19"/>
					</Button>
					<Button name="РазрешитьРедактированиеТабличногоДокумента" id="34">
						<Type>CommandBarButton</Type>
						<CommandName>Form.Command.РазрешитьРедактированиеТабличногоДокумента</CommandName>
						<Parameter xsi:nil="true"/>
						<ExtendedTooltip name="РазрешитьРедактированиеТабличногоДокументаРасширеннаяПодсказка" id="35"/>
					</Button>
					<Button name="СформироватьОтчетСЗадержкой" id="36">
						<Type>CommandBarButton</Type>
						<CommandName>Form.Command.СформироватьОтчетСЗадержкой</CommandName>
						<Parameter xsi:nil="true"/>
						<ExtendedTooltip name="СформироватьОтчетСЗадержкойРасширеннаяПодсказка" id="37"/>
					</Button>
					<Button name="СформироватьОтчетСВертикальнойПереносомСтроки" id="38">
						<Type>CommandBarButton</Type>
						<CommandName>Form.Command.ОтчетСПереносомСтроки</CommandName>
						<Parameter xsi:nil="true"/>
						<ExtendedTooltip name="СформироватьОтчетСВертикальнойПереносомСтрокиРасширеннаяПодсказка" id="39"/>
					</Button>
					<Button name="ФормаПоказатьОтчетВНовомОкнеИСохранитьВФайл" id="44">
						<Type>CommandBarButton</Type>
						<CommandName>Form.Command.ПоказатьОтчетВНовомОкнеИСохранитьВФайл</CommandName>
						<Parameter xsi:nil="true"/>
						<ExtendedTooltip name="ФормаПоказатьОтчетВНовомОкнеИСохранитьВФайлРасширеннаяПодсказка" id="45"/>
					</Button>
					<Button name="ФормаПоказатьМенюПривязанноеКФорме" id="48">
						<Type>CommandBarButton</Type>
						<CommandName>Form.Command.ПоказатьМенюПривязанноеКФорме</CommandName>
						<Parameter xsi:nil="true"/>
						<ExtendedTooltip name="ФормаПоказатьМенюПривязанноеКФормеРасширеннаяПодсказка" id="49"/>
					</Button>
				</ChildItems>
			</Popup>
		</ChildItems>
	</AutoCommandBar>
	<ChildItems>
		<UsualGroup name="ГруппаНаименованиеКод" id="40">
			<Title>
				<v8:item>
					<v8:lang>ru</v8:lang>
					<v8:content>Группа наименование код</v8:content>
				</v8:item>
			</Title>
			<ToolTip>
				<v8:item>
					<v8:lang>ru</v8:lang>
					<v8:content>Группа наименование код</v8:content>
				</v8:item>
			</ToolTip>
			<Group>Horizontal</Group>
			<ShowTitle>false</ShowTitle>
			<ExtendedTooltip name="ГруппаНаименованиеКодРасширеннаяПодсказка" id="41"/>
			<ChildItems>
				<InputField name="Код" id="1">
					<DataPath>Объект.Code</DataPath>
					<EditMode>EnterOnInput</EditMode>
					<ContextMenu name="КодКонтекстноеМеню" id="2"/>
					<ExtendedTooltip name="КодРасширеннаяПодсказка" id="3"/>
				</InputField>
				<InputField name="Наименование" id="4">
					<DataPath>Объект.Description</DataPath>
					<EditMode>EnterOnInput</EditMode>
					<ContextMenu name="НаименованиеКонтекстноеМеню" id="5"/>
					<ExtendedTooltip name="НаименованиеРасширеннаяПодсказка" id="6"/>
				</InputField>
			</ChildItems>
		</UsualGroup>
		<CheckBoxField name="СделатьМакетНедоступным" id="20">
			<DataPath>СделатьМакетНедоступным</DataPath>
			<TitleLocation>Right</TitleLocation>
			<CheckBoxType>Auto</CheckBoxType>
			<ContextMenu name="СделатьМакетНедоступнымКонтекстноеМеню" id="21"/>
			<ExtendedTooltip name="СделатьМакетНедоступнымРасширеннаяПодсказка" id="22"/>
		</CheckBoxField>
		<UsualGroup name="Группа1" id="28">
			<Group>Horizontal</Group>
			<ShowTitle>false</ShowTitle>
			<ExtendedTooltip name="Группа1РасширеннаяПодсказка" id="29"/>
		</UsualGroup>
		<UsualGroup name="Группа2" id="30">
			<Group>Horizontal</Group>
			<ShowTitle>false</ShowTitle>
			<ExtendedTooltip name="Группа2РасширеннаяПодсказка" id="31"/>
		</UsualGroup>
		<UsualGroup name="Группа3" id="32">
			<Group>Horizontal</Group>
			<ShowTitle>false</ShowTitle>
			<ExtendedTooltip name="Группа3РасширеннаяПодсказка" id="33"/>
		</UsualGroup>
		<CalendarField name="Календарь" id="23">
			<DataPath>Календарь</DataPath>
			<VerticalStretch>false</VerticalStretch>
			<ContextMenu name="КалендарьКонтекстноеМеню" id="24"/>
			<ExtendedTooltip name="КалендарьРасширеннаяПодсказка" id="25"/>
		</CalendarField>
		<SpreadSheetDocumentField name="РеквизитТабличныйДокумент" id="9">
			<DataPath>РеквизитТабличныйДокумент</DataPath>
			<VerticalStretch>false</VerticalStretch>
			<ContextMenu name="РеквизитТабличныйДокументКонтекстноеМеню" id="10"/>
			<ExtendedTooltip name="РеквизитТабличныйДокументРасширеннаяПодсказка" id="11"/>
		</SpreadSheetDocumentField>
	</ChildItems>
	<Attributes>
		<Attribute name="Объект" id="1">
			<Type>
				<v8:Type>cfg:CatalogObject.Справочник3</v8:Type>
			</Type>
			<MainAttribute>true</MainAttribute>
			<SavedData>true</SavedData>
		</Attribute>
		<Attribute name="РеквизитТабличныйДокумент" id="2">
			<Title>
				<v8:item>
					<v8:lang>ru</v8:lang>
					<v8:content>Реквизит табличный документ</v8:content>
				</v8:item>
				<v8:item>
					<v8:lang>en</v8:lang>
					<v8:content>Props table document</v8:content>
				</v8:item>
			</Title>
			<Type>
				<v8:Type xmlns:mxl="http://v8.1c.ru/8.2/data/spreadsheet">mxl:SpreadsheetDocument</v8:Type>
			</Type>
		</Attribute>
		<Attribute name="СделатьМакетНедоступным" id="3">
			<Title>
				<v8:item>
					<v8:lang>ru</v8:lang>
					<v8:content>Сделать макет недоступным</v8:content>
				</v8:item>
				<v8:item>
					<v8:lang>en</v8:lang>
					<v8:content>Make the layout not available</v8:content>
				</v8:item>
			</Title>
			<Type>
				<v8:Type>xs:boolean</v8:Type>
			</Type>
		</Attribute>
		<Attribute name="Календарь" id="4">
			<Title>
				<v8:item>
					<v8:lang>ru</v8:lang>
					<v8:content>Календарь</v8:content>
				</v8:item>
				<v8:item>
					<v8:lang>en</v8:lang>
					<v8:content>Calendar</v8:content>
				</v8:item>
			</Title>
			<Type>
				<v8:Type>xs:dateTime</v8:Type>
				<v8:DateQualifiers>
					<v8:DateFractions>Date</v8:DateFractions>
				</v8:DateQualifiers>
			</Type>
		</Attribute>
		<Attribute name="ЗапретитьСохранениеВФайл" id="5">
			<Title>
				<v8:item>
					<v8:lang>ru</v8:lang>
					<v8:content>Запретить сохранение в файл</v8:content>
				</v8:item>
			</Title>
			<Type>
				<v8:Type>xs:boolean</v8:Type>
			</Type>
		</Attribute>
	</Attributes>
	<Commands>
		<Command name="СформироватьОтчет" id="1">
			<Title>
				<v8:item>
					<v8:lang>ru</v8:lang>
					<v8:content>Сформировать отчет</v8:content>
				</v8:item>
				<v8:item>
					<v8:lang>en</v8:lang>
					<v8:content>To generate a report</v8:content>
				</v8:item>
			</Title>
			<ToolTip>
				<v8:item>
					<v8:lang>ru</v8:lang>
					<v8:content>Сформировать отчет</v8:content>
				</v8:item>
				<v8:item>
					<v8:lang>en</v8:lang>
					<v8:content>To generate a report</v8:content>
				</v8:item>
			</ToolTip>
			<Action>СформироватьОтчет</Action>
		</Command>
		<Command name="ОткрытьФайл" id="2">
			<Title>
				<v8:item>
					<v8:lang>ru</v8:lang>
					<v8:content>Открыть файл</v8:content>
				</v8:item>
				<v8:item>
					<v8:lang>en</v8:lang>
					<v8:content>To open a file</v8:content>
				</v8:item>
			</Title>
			<ToolTip>
				<v8:item>
					<v8:lang>ru</v8:lang>
					<v8:content>Открыть файл</v8:content>
				</v8:item>
				<v8:item>
					<v8:lang>en</v8:lang>
					<v8:content>To open a file</v8:content>
				</v8:item>
			</ToolTip>
			<Action>ОткрытьФайл</Action>
		</Command>
		<Command name="СформироватьОтчетСВертикальнойЧертой" id="3">
			<Title>
				<v8:item>
					<v8:lang>ru</v8:lang>
					<v8:content>Сформировать отчет с вертикальной чертой</v8:content>
				</v8:item>
				<v8:item>
					<v8:lang>en</v8:lang>
					<v8:content>To generate a report with a vertical bar</v8:content>
				</v8:item>
			</Title>
			<ToolTip>
				<v8:item>
					<v8:lang>ru</v8:lang>
					<v8:content>Сформировать отчет с вертикальной чертой</v8:content>
				</v8:item>
				<v8:item>
					<v8:lang>en</v8:lang>
					<v8:content>To generate a report with a vertical bar</v8:content>
				</v8:item>
			</ToolTip>
			<Action>СформироватьОтчетСВертикальнойЧертой</Action>
		</Command>
		<Command name="СделатьСлужебноеСообщение" id="4">
			<Title>
				<v8:item>
					<v8:lang>ru</v8:lang>
					<v8:content>Сделать служебное сообщение</v8:content>
				</v8:item>
				<v8:item>
					<v8:lang>en</v8:lang>
					<v8:content>To make service message</v8:content>
				</v8:item>
			</Title>
			<ToolTip>
				<v8:item>
					<v8:lang>ru</v8:lang>
					<v8:content>Сделать служебное сообщение</v8:content>
				</v8:item>
				<v8:item>
					<v8:lang>en</v8:lang>
					<v8:content>To make service message</v8:content>
				</v8:item>
			</ToolTip>
			<Action>СделатьСлужебноеСообщение</Action>
		</Command>
		<Command name="КомандаПоказатьВопросСНестандартнымДиалогом" id="5">
			<Title>
				<v8:item>
					<v8:lang>ru</v8:lang>
					<v8:content>Показать вопрос с нестандартным диалогом</v8:content>
				</v8:item>
				<v8:item>
					<v8:lang>en</v8:lang>
					<v8:content>To show the issue with custom dialog</v8:content>
				</v8:item>
			</Title>
			<ToolTip>
				<v8:item>
					<v8:lang>ru</v8:lang>
					<v8:content>Команда показать вопрос с нестандартным диалогом</v8:content>
				</v8:item>
				<v8:item>
					<v8:lang>en</v8:lang>
					<v8:content>Show the issue with custom dialog</v8:content>
				</v8:item>
			</ToolTip>
			<Action>КомандаПоказатьВопросСНестандартнымДиалогом</Action>
		</Command>
		<Command name="СформироватьОтчетОбъединенныеЯчейки" id="6">
			<Title>
				<v8:item>
					<v8:lang>ru</v8:lang>
					<v8:content>Сформировать отчет объединенные ячейки</v8:content>
				</v8:item>
				<v8:item>
					<v8:lang>en</v8:lang>
					<v8:content>Generate a report of merged cell</v8:content>
				</v8:item>
			</Title>
			<ToolTip>
				<v8:item>
					<v8:lang>ru</v8:lang>
					<v8:content>Сформировать отчет объединенные ячейки</v8:content>
				</v8:item>
				<v8:item>
					<v8:lang>en</v8:lang>
					<v8:content>Generate a report of merged cell</v8:content>
				</v8:item>
			</ToolTip>
			<Action>СформироватьОтчетОбъединенныеЯчейки</Action>
		</Command>
		<Command name="РазрешитьРедактированиеТабличногоДокумента" id="7">
			<Title>
				<v8:item>
					<v8:lang>ru</v8:lang>
					<v8:content>Разрешить редактирование табличного документа</v8:content>
				</v8:item>
				<v8:item>
					<v8:lang>en</v8:lang>
					<v8:content>Allow editing of a tabular document</v8:content>
				</v8:item>
			</Title>
			<ToolTip>
				<v8:item>
					<v8:lang>ru</v8:lang>
					<v8:content>Разрешить редактирование табличного документа</v8:content>
				</v8:item>
				<v8:item>
					<v8:lang>en</v8:lang>
					<v8:content>Allow editing of a tabular document</v8:content>
				</v8:item>
			</ToolTip>
			<Action>РазрешитьРедактированиеТабличногоДокумента</Action>
		</Command>
		<Command name="СформироватьОтчетСЗадержкой" id="8">
			<Title>
				<v8:item>
					<v8:lang>ru</v8:lang>
					<v8:content>Сформировать отчет с задержкой</v8:content>
				</v8:item>
			</Title>
			<ToolTip>
				<v8:item>
					<v8:lang>ru</v8:lang>
					<v8:content>Сформировать отчет с задержкой</v8:content>
				</v8:item>
			</ToolTip>
			<Action>СформироватьОтчетСЗадержкой</Action>
		</Command>
		<Command name="ОтчетСПереносомСтроки" id="9">
			<Title>
				<v8:item>
					<v8:lang>ru</v8:lang>
					<v8:content>Отчет с переносом строки</v8:content>
				</v8:item>
			</Title>
			<ToolTip>
				<v8:item>
					<v8:lang>ru</v8:lang>
					<v8:content>Отчет с переносом строки</v8:content>
				</v8:item>
			</ToolTip>
			<Action>ОтчетСПереносомСтроки</Action>
		</Command>
		<Command name="ПоказатьОтчетВНовомОкнеИСохранитьВФайл" id="10">
			<Title>
				<v8:item>
					<v8:lang>ru</v8:lang>
					<v8:content>Показать отчет в новом окне и сохранить в файл</v8:content>
				</v8:item>
			</Title>
			<ToolTip>
				<v8:item>
					<v8:lang>ru</v8:lang>
					<v8:content>Показать отчет в новом окне и сохранить в файл</v8:content>
				</v8:item>
			</ToolTip>
			<Action>ПоказатьОтчетВНовомОкнеИСохранитьВФайл</Action>
		</Command>
		<Command name="ОткрытьМакет" id="11">
			<Title>
				<v8:item>
					<v8:lang>ru</v8:lang>
					<v8:content>Открыть макет</v8:content>
				</v8:item>
			</Title>
			<ToolTip>
				<v8:item>
					<v8:lang>ru</v8:lang>
					<v8:content>Открыть макет</v8:content>
				</v8:item>
			</ToolTip>
			<Action>ОткрытьМакет</Action>
		</Command>
		<Command name="ПоказатьМенюПривязанноеКФорме" id="12">
			<Title>
				<v8:item>
					<v8:lang>ru</v8:lang>
					<v8:content>Показать меню привязанное к форме</v8:content>
				</v8:item>
			</Title>
			<ToolTip>
				<v8:item>
					<v8:lang>ru</v8:lang>
					<v8:content>Показать меню привязанное к форме</v8:content>
				</v8:item>
			</ToolTip>
			<Action>ПоказатьМенюПривязанноеКФорме</Action>
		</Command>
	</Commands>
</Form>