﻿<?xml version="1.0" encoding="UTF-8"?>
<document xmlns="http://v8.1c.ru/8.2/data/spreadsheet" xmlns:style="http://v8.1c.ru/8.1/data/ui/style" xmlns:v8="http://v8.1c.ru/8.1/data/core" xmlns:v8ui="http://v8.1c.ru/8.1/data/ui" xmlns:xs="http://www.w3.org/2001/XMLSchema" xmlns:xsi="http://www.w3.org/2001/XMLSchema-instance">
	<languageSettings>
		<currentLanguage>ru</currentLanguage>
		<defaultLanguage/>
		<languageInfo>
			<id>#</id>
			<code>Язык по умолчанию</code>
			<description>Язык по умолчанию</description>
		</languageInfo>
		<languageInfo>
			<id>ru</id>
			<code>Русский</code>
			<description>Русский</description>
		</languageInfo>
		<languageInfo>
			<id>en</id>
			<code>English</code>
			<description>English</description>
		</languageInfo>
	</languageSettings>
	<columns>
		<size>6</size>
		<columnsItem>
			<index>0</index>
			<column>
				<formatIndex>1</formatIndex>
			</column>
		</columnsItem>
		<columnsItem>
			<index>1</index>
			<column>
				<formatIndex>2</formatIndex>
			</column>
		</columnsItem>
		<columnsItem>
			<index>2</index>
			<column>
				<formatIndex>3</formatIndex>
			</column>
		</columnsItem>
		<columnsItem>
			<index>3</index>
			<column>
				<formatIndex>3</formatIndex>
			</column>
		</columnsItem>
		<columnsItem>
			<index>4</index>
			<column>
				<formatIndex>4</formatIndex>
			</column>
		</columnsItem>
		<columnsItem>
			<index>5</index>
			<column>
				<formatIndex>4</formatIndex>
			</column>
		</columnsItem>
	</columns>
	<rowsItem>
		<index>0</index>
		<row>
			<c>
				<i>3</i>
				<c>
					<f>3</f>
				</c>
			</c>
			<c>
				<i>5</i>
				<c>
					<f>4</f>
				</c>
			</c>
		</row>
	</rowsItem>
	<rowsItem>
		<index>1</index>
		<row>
			<c>
				<i>3</i>
				<c>
					<f>3</f>
				</c>
			</c>
			<c>
				<i>5</i>
				<c>
					<f>4</f>
				</c>
			</c>
		</row>
	</rowsItem>
	<rowsItem>
		<index>2</index>
		<row>
			<c>
				<i>3</i>
				<c>
					<f>3</f>
				</c>
			</c>
			<c>
				<i>5</i>
				<c>
					<f>4</f>
				</c>
			</c>
		</row>
	</rowsItem>
	<rowsItem>
		<index>3</index>
		<row>
			<c>
				<i>1</i>
				<c>
					<f>5</f>
					<tl>
						<v8:item>
							<v8:lang>ru</v8:lang>
							<v8:content>Наименование</v8:content>
						</v8:item>
					</tl>
				</c>
			</c>
			<c>
				<c>
					<f>5</f>
					<tl>
						<v8:item>
							<v8:lang>ru</v8:lang>
							<v8:content>Предопределенный</v8:content>
						</v8:item>
					</tl>
				</c>
			</c>
			<c>
				<c>
					<f>6</f>
					<tl>
						<v8:item>
							<v8:lang>ru</v8:lang>
							<v8:content>ВерсияДанных</v8:content>
						</v8:item>
					</tl>
				</c>
			</c>
			<c>
				<c>
					<f>5</f>
					<tl>
						<v8:item>
							<v8:lang>ru</v8:lang>
							<v8:content>ИмяПредопределенныхДанных</v8:content>
						</v8:item>
					</tl>
				</c>
			</c>
			<c>
				<c>
					<f>7</f>
					<tl>
						<v8:item>
							<v8:lang>ru</v8:lang>
							<v8:content>ПараметрЧисло</v8:content>
						</v8:item>
					</tl>
				</c>
			</c>
		</row>
	</rowsItem>
	<rowsItem>
		<index>4</index>
		<row>
			<c>
				<i>1</i>
				<c>
					<f>8</f>
					<parameter>Наименование</parameter>
					<detailParameter>Наименование</detailParameter>
				</c>
			</c>
			<c>
				<c>
					<f>8</f>
					<parameter>Предопределенный</parameter>
				</c>
			</c>
			<c>
				<c>
					<f>9</f>
					<parameter>ВерсияДанных</parameter>
				</c>
			</c>
			<c>
				<c>
					<f>8</f>
					<parameter>ИмяПредопределенныхДанных</parameter>
				</c>
			</c>
			<c>
				<c>
					<f>10</f>
					<parameter>ПараметрЧисло</parameter>
				</c>
			</c>
		</row>
	</rowsItem>
	<rowsItem>
		<index>5</index>
		<row>
			<c>
				<i>1</i>
				<c>
					<f>11</f>
				</c>
			</c>
			<c>
				<c>
					<f>11</f>
				</c>
			</c>
			<c>
				<c>
					<f>12</f>
				</c>
			</c>
			<c>
				<c>
					<f>11</f>
				</c>
			</c>
			<c>
				<c>
					<f>13</f>
				</c>
			</c>
		</row>
	</rowsItem>
	<rowsItem>
		<index>6</index>
		<row>
			<c>
				<i>3</i>
				<c>
					<f>3</f>
				</c>
			</c>
			<c>
				<i>5</i>
				<c>
					<f>4</f>
				</c>
			</c>
		</row>
	</rowsItem>
	<templateMode>true</templateMode>
	<defaultFormatIndex>14</defaultFormatIndex>
	<height>7</height>
	<vgRows>7</vgRows>
	<namedItem xsi:type="NamedItemCells">
		<name>Детали</name>
		<area>
			<type>Rows</type>
			<beginRow>4</beginRow>
			<endRow>4</endRow>
			<beginColumn>-1</beginColumn>
			<endColumn>-1</endColumn>
		</area>
	</namedItem>
	<namedItem xsi:type="NamedItemCells">
		<name>Заголовок</name>
		<area>
			<type>Rows</type>
			<beginRow>0</beginRow>
			<endRow>2</endRow>
			<beginColumn>-1</beginColumn>
			<endColumn>-1</endColumn>
		</area>
	</namedItem>
	<namedItem xsi:type="NamedItemCells">
		<name>Подвал</name>
		<area>
			<type>Rows</type>
			<beginRow>6</beginRow>
			<endRow>6</endRow>
			<beginColumn>-1</beginColumn>
			<endColumn>-1</endColumn>
		</area>
	</namedItem>
	<namedItem xsi:type="NamedItemCells">
		<name>ПодвалТаблицы</name>
		<area>
			<type>Rows</type>
			<beginRow>5</beginRow>
			<endRow>5</endRow>
			<beginColumn>-1</beginColumn>
			<endColumn>-1</endColumn>
		</area>
	</namedItem>
	<namedItem xsi:type="NamedItemCells">
		<name>ШапкаТаблицы</name>
		<area>
			<type>Rows</type>
			<beginRow>3</beginRow>
			<endRow>3</endRow>
			<beginColumn>-1</beginColumn>
			<endColumn>-1</endColumn>
		</area>
	</namedItem>
	<line width="1" gap="false">
		<v8ui:style xsi:type="v8ui:SpreadsheetDocumentCellLineType">Solid</v8ui:style>
	</line>
	<font faceName="Arial" height="8" bold="true" italic="false" underline="false" strikeout="false" kind="Absolute"/>
	<format>
		<width>16</width>
	</format>
	<format>
		<width>208</width>
	</format>
	<format>
		<width>136</width>
	</format>
	<format>
		<width>240</width>
	</format>
	<format>
		<font>0</font>
		<border>0</border>
		<verticalAlignment>Top</verticalAlignment>
		<textPlacement>Cut</textPlacement>
	</format>
	<format>
		<font>0</font>
		<border>0</border>
		<width>136</width>
		<verticalAlignment>Top</verticalAlignment>
		<textPlacement>Cut</textPlacement>
	</format>
	<format>
		<font>0</font>
		<border>0</border>
		<width>240</width>
		<verticalAlignment>Top</verticalAlignment>
		<textPlacement>Cut</textPlacement>
	</format>
	<format>
		<textPlacement>Wrap</textPlacement>
		<fillType>Parameter</fillType>
	</format>
	<format>
		<width>136</width>
		<textPlacement>Wrap</textPlacement>
		<fillType>Parameter</fillType>
	</format>
	<format>
		<width>240</width>
		<textPlacement>Wrap</textPlacement>
		<fillType>Parameter</fillType>
	</format>
	<format>
		<topBorder>0</topBorder>
	</format>
	<format>
		<topBorder>0</topBorder>
		<width>136</width>
	</format>
	<format>
		<topBorder>0</topBorder>
		<width>240</width>
	</format>
	<format>
		<width>72</width>
	</format>
</document>