﻿<?xml version="1.0" encoding="UTF-8"?>
<Form xmlns="http://v8.1c.ru/8.3/xcf/logform" xmlns:app="http://v8.1c.ru/8.2/managed-application/core" xmlns:cfg="http://v8.1c.ru/8.1/data/enterprise/current-config" xmlns:dcscor="http://v8.1c.ru/8.1/data-composition-system/core" xmlns:dcsset="http://v8.1c.ru/8.1/data-composition-system/settings" xmlns:ent="http://v8.1c.ru/8.1/data/enterprise" xmlns:lf="http://v8.1c.ru/8.2/managed-application/logform" xmlns:style="http://v8.1c.ru/8.1/data/ui/style" xmlns:sys="http://v8.1c.ru/8.1/data/ui/fonts/system" xmlns:v8="http://v8.1c.ru/8.1/data/core" xmlns:v8ui="http://v8.1c.ru/8.1/data/ui" xmlns:web="http://v8.1c.ru/8.1/data/ui/colors/web" xmlns:win="http://v8.1c.ru/8.1/data/ui/colors/windows" xmlns:xr="http://v8.1c.ru/8.3/xcf/readable" xmlns:xs="http://www.w3.org/2001/XMLSchema" xmlns:xsi="http://www.w3.org/2001/XMLSchema-instance">
	<WindowOpeningMode>LockOwnerWindow</WindowOpeningMode>
	<AutoCommandBar name="ФормаКоманднаяПанель" id="-1"/>
	<Events>
		<Event name="OnOpen">ПриОткрытии</Event>
	</Events>
	<ChildItems>
		<Table name="СписокСПометками" id="1">
			<Representation>List</Representation>
			<Header>false</Header>
			<HorizontalLines>false</HorizontalLines>
			<VerticalLines>false</VerticalLines>
			<AutoInsertNewRow>true</AutoInsertNewRow>
			<DataPath>СписокСПометками</DataPath>
			<RowPictureDataPath>СписокСПометками.Picture</RowPictureDataPath>
			<ContextMenu name="СписокСПометкамиКонтекстноеМеню" id="2"/>
			<AutoCommandBar name="СписокСПометкамиКоманднаяПанель" id="3">
				<Autofill>false</Autofill>
			</AutoCommandBar>
			<ExtendedTooltip name="СписокСПометкамиРасширеннаяПодсказка" id="4"/>
			<SearchStringAddition name="СписокСПометкамиСтрокаПоиска" id="5">
				<Source>
					<lf:elementId>1</lf:elementId>
					<lf:additionId>0</lf:additionId>
				</Source>
				<ContextMenu name="СписокСПометкамиСтрокаПоискаКонтекстноеМеню" id="6"/>
				<ExtendedTooltip name="СписокСПометкамиСтрокаПоискаРасширеннаяПодсказка" id="7"/>
			</SearchStringAddition>
			<ViewStatusAddition name="СписокСПометкамиСостояниеПросмотра" id="8">
				<Source>
					<lf:elementId>1</lf:elementId>
					<lf:additionId>1</lf:additionId>
				</Source>
				<ContextMenu name="СписокСПометкамиСостояниеПросмотраКонтекстноеМеню" id="9"/>
				<ExtendedTooltip name="СписокСПометкамиСостояниеПросмотраРасширеннаяПодсказка" id="10"/>
			</ViewStatusAddition>
			<SearchControlAddition name="СписокСПометкамиУправлениеПоиском" id="11">
				<Source>
					<lf:elementId>1</lf:elementId>
					<lf:additionId>2</lf:additionId>
				</Source>
				<ContextMenu name="СписокСПометкамиУправлениеПоискомКонтекстноеМеню" id="12"/>
				<ExtendedTooltip name="СписокСПометкамиУправлениеПоискомРасширеннаяПодсказка" id="13"/>
			</SearchControlAddition>
			<ChildItems>
				<CheckBoxField name="СписокСПометкамиПометка" id="17">
					<DataPath>СписокСПометками.Check</DataPath>
					<EditMode>EnterOnInput</EditMode>
					<CheckBoxType>Auto</CheckBoxType>
					<ContextMenu name="СписокСПометкамиПометкаКонтекстноеМеню" id="18"/>
					<ExtendedTooltip name="СписокСПометкамиПометкаРасширеннаяПодсказка" id="19"/>
				</CheckBoxField>
				<InputField name="СписокСПометкамиЗначение" id="14">
					<DataPath>СписокСПометками.Value</DataPath>
					<EditMode>EnterOnInput</EditMode>
					<ContextMenu name="СписокСПометкамиЗначениеКонтекстноеМеню" id="15"/>
					<ExtendedTooltip name="СписокСПометкамиЗначениеРасширеннаяПодсказка" id="16"/>
				</InputField>
			</ChildItems>
		</Table>
	</ChildItems>
	<Attributes>
		<Attribute name="СписокСПометками" id="1">
			<Title>
				<v8:item>
					<v8:lang>ru</v8:lang>
					<v8:content>Список с пометками</v8:content>
				</v8:item>
				<v8:item>
					<v8:lang>en</v8:lang>
					<v8:content>A list with notes</v8:content>
				</v8:item>
			</Title>
			<Type>
				<v8:Type>v8:ValueListType</v8:Type>
			</Type>
		</Attribute>
	</Attributes>
</Form>