﻿<?xml version="1.0" encoding="UTF-8"?>
<Form xmlns="http://v8.1c.ru/8.3/xcf/logform" xmlns:app="http://v8.1c.ru/8.2/managed-application/core" xmlns:cfg="http://v8.1c.ru/8.1/data/enterprise/current-config" xmlns:dcscor="http://v8.1c.ru/8.1/data-composition-system/core" xmlns:dcsset="http://v8.1c.ru/8.1/data-composition-system/settings" xmlns:ent="http://v8.1c.ru/8.1/data/enterprise" xmlns:lf="http://v8.1c.ru/8.2/managed-application/logform" xmlns:style="http://v8.1c.ru/8.1/data/ui/style" xmlns:sys="http://v8.1c.ru/8.1/data/ui/fonts/system" xmlns:v8="http://v8.1c.ru/8.1/data/core" xmlns:v8ui="http://v8.1c.ru/8.1/data/ui" xmlns:web="http://v8.1c.ru/8.1/data/ui/colors/web" xmlns:win="http://v8.1c.ru/8.1/data/ui/colors/windows" xmlns:xr="http://v8.1c.ru/8.3/xcf/readable" xmlns:xs="http://www.w3.org/2001/XMLSchema" xmlns:xsi="http://www.w3.org/2001/XMLSchema-instance">
	<WindowOpeningMode>LockOwnerWindow</WindowOpeningMode>
	<UseForFoldersAndItems>Items</UseForFoldersAndItems>
	<AutoCommandBar name="ФормаКоманднаяПанель" id="-1"/>
	<Events>
		<Event name="OnCreateAtServer">ПриСозданииНаСервере</Event>
	</Events>
	<ChildItems>
		<InputField name="Код" id="1">
			<DataPath>Объект.Code</DataPath>
			<EditMode>EnterOnInput</EditMode>
			<ContextMenu name="КодКонтекстноеМеню" id="2"/>
			<ExtendedTooltip name="КодРасширеннаяПодсказка" id="3"/>
		</InputField>
		<InputField name="Наименование" id="4">
			<DataPath>Объект.Description</DataPath>
			<EditMode>EnterOnInput</EditMode>
			<ContextMenu name="НаименованиеКонтекстноеМеню" id="5"/>
			<ExtendedTooltip name="НаименованиеРасширеннаяПодсказка" id="6"/>
		</InputField>
		<PictureField name="Картинка" id="7">
			<DataPath>Картинка</DataPath>
			<TitleLocation>None</TitleLocation>
			<ContextMenu name="КартинкаКонтекстноеМеню" id="8"/>
			<ExtendedTooltip name="КартинкаРасширеннаяПодсказка" id="9"/>
		</PictureField>
	</ChildItems>
	<Attributes>
		<Attribute name="Объект" id="1">
			<Type>
				<v8:Type>cfg:CatalogObject.Товары</v8:Type>
			</Type>
			<MainAttribute>true</MainAttribute>
			<SavedData>true</SavedData>
		</Attribute>
		<Attribute name="Картинка" id="2">
			<Title>
				<v8:item>
					<v8:lang>ru</v8:lang>
					<v8:content>Картинка</v8:content>
				</v8:item>
			</Title>
			<Type>
				<v8:Type>xs:string</v8:Type>
				<v8:StringQualifiers>
					<v8:Length>0</v8:Length>
					<v8:AllowedLength>Variable</v8:AllowedLength>
				</v8:StringQualifiers>
			</Type>
		</Attribute>
	</Attributes>
</Form>