﻿<?xml version="1.0" encoding="UTF-8"?>
<Form xmlns="http://v8.1c.ru/8.3/xcf/logform" xmlns:app="http://v8.1c.ru/8.2/managed-application/core" xmlns:cfg="http://v8.1c.ru/8.1/data/enterprise/current-config" xmlns:dcscor="http://v8.1c.ru/8.1/data-composition-system/core" xmlns:dcsset="http://v8.1c.ru/8.1/data-composition-system/settings" xmlns:ent="http://v8.1c.ru/8.1/data/enterprise" xmlns:lf="http://v8.1c.ru/8.2/managed-application/logform" xmlns:style="http://v8.1c.ru/8.1/data/ui/style" xmlns:sys="http://v8.1c.ru/8.1/data/ui/fonts/system" xmlns:v8="http://v8.1c.ru/8.1/data/core" xmlns:v8ui="http://v8.1c.ru/8.1/data/ui" xmlns:web="http://v8.1c.ru/8.1/data/ui/colors/web" xmlns:win="http://v8.1c.ru/8.1/data/ui/colors/windows" xmlns:xr="http://v8.1c.ru/8.3/xcf/readable" xmlns:xs="http://www.w3.org/2001/XMLSchema" xmlns:xsi="http://www.w3.org/2001/XMLSchema-instance">
	<WindowOpeningMode>LockOwnerWindow</WindowOpeningMode>
	<UseForFoldersAndItems>Items</UseForFoldersAndItems>
	<AutoCommandBar name="ФормаКоманднаяПанель" id="-1">
		<ChildItems>
			<Button name="ФормаЗагрузитьКурс" id="16">
				<Type>CommandBarButton</Type>
				<CommandName>Form.Command.ЗагрузитьКурс</CommandName>
				<Parameter xsi:nil="true"/>
				<ExtendedTooltip name="ФормаЗагрузитьКурсРасширеннаяПодсказка" id="17"/>
			</Button>
		</ChildItems>
	</AutoCommandBar>
	<ChildItems>
		<InputField name="Код" id="1">
			<DataPath>Объект.Code</DataPath>
			<EditMode>EnterOnInput</EditMode>
			<ContextMenu name="КодКонтекстноеМеню" id="2"/>
			<ExtendedTooltip name="КодРасширеннаяПодсказка" id="3"/>
		</InputField>
		<InputField name="Наименование" id="4">
			<DataPath>Объект.Description</DataPath>
			<EditMode>EnterOnInput</EditMode>
			<ContextMenu name="НаименованиеКонтекстноеМеню" id="5"/>
			<ExtendedTooltip name="НаименованиеРасширеннаяПодсказка" id="6"/>
		</InputField>
		<InputField name="КодЦифровой" id="7">
			<DataPath>Объект.КодЦифровой</DataPath>
			<EditMode>EnterOnInput</EditMode>
			<ContextMenu name="КодЦифровойКонтекстноеМеню" id="8"/>
			<ExtendedTooltip name="КодЦифровойРасширеннаяПодсказка" id="9"/>
		</InputField>
		<InputField name="КодМеждународный" id="10">
			<DataPath>Объект.КодМеждународный</DataPath>
			<EditMode>EnterOnInput</EditMode>
			<ContextMenu name="КодМеждународныйКонтекстноеМеню" id="11"/>
			<ExtendedTooltip name="КодМеждународныйРасширеннаяПодсказка" id="12"/>
		</InputField>
		<InputField name="Курс" id="13">
			<DataPath>Объект.Курс</DataPath>
			<EditMode>EnterOnInput</EditMode>
			<ContextMenu name="КурсКонтекстноеМеню" id="14"/>
			<ExtendedTooltip name="КурсРасширеннаяПодсказка" id="15"/>
		</InputField>
	</ChildItems>
	<Attributes>
		<Attribute name="Объект" id="1">
			<Type>
				<v8:Type>cfg:CatalogObject.Валюты</v8:Type>
			</Type>
			<MainAttribute>true</MainAttribute>
			<SavedData>true</SavedData>
		</Attribute>
	</Attributes>
	<Commands>
		<Command name="ЗагрузитьКурс" id="1">
			<Title>
				<v8:item>
					<v8:lang>ru</v8:lang>
					<v8:content>Загрузить курс</v8:content>
				</v8:item>
				<v8:item>
					<v8:lang>en</v8:lang>
					<v8:content>Download rates</v8:content>
				</v8:item>
			</Title>
			<ToolTip>
				<v8:item>
					<v8:lang>ru</v8:lang>
					<v8:content>Загрузить курс</v8:content>
				</v8:item>
				<v8:item>
					<v8:lang>en</v8:lang>
					<v8:content>Download rates</v8:content>
				</v8:item>
			</ToolTip>
			<Action>ЗагрузитьКурс</Action>
		</Command>
	</Commands>
</Form>