﻿<?xml version="1.0" encoding="UTF-8"?>
<Form xmlns="http://v8.1c.ru/8.3/xcf/logform" xmlns:app="http://v8.1c.ru/8.2/managed-application/core" xmlns:cfg="http://v8.1c.ru/8.1/data/enterprise/current-config" xmlns:dcscor="http://v8.1c.ru/8.1/data-composition-system/core" xmlns:dcsset="http://v8.1c.ru/8.1/data-composition-system/settings" xmlns:ent="http://v8.1c.ru/8.1/data/enterprise" xmlns:lf="http://v8.1c.ru/8.2/managed-application/logform" xmlns:style="http://v8.1c.ru/8.1/data/ui/style" xmlns:sys="http://v8.1c.ru/8.1/data/ui/fonts/system" xmlns:v8="http://v8.1c.ru/8.1/data/core" xmlns:v8ui="http://v8.1c.ru/8.1/data/ui" xmlns:web="http://v8.1c.ru/8.1/data/ui/colors/web" xmlns:win="http://v8.1c.ru/8.1/data/ui/colors/windows" xmlns:xr="http://v8.1c.ru/8.3/xcf/readable" xmlns:xs="http://www.w3.org/2001/XMLSchema" xmlns:xsi="http://www.w3.org/2001/XMLSchema-instance">
	<AutoCommandBar name="ФормаКоманднаяПанель" id="-1"/>
	<ChildItems>
		<Pages name="ГруппаСтраницы" id="1">
			<Title>
				<v8:item>
					<v8:lang>ru</v8:lang>
					<v8:content>Группа страницы</v8:content>
				</v8:item>
				<v8:item>
					<v8:lang>en</v8:lang>
					<v8:content>Group page</v8:content>
				</v8:item>
			</Title>
			<ToolTip>
				<v8:item>
					<v8:lang>ru</v8:lang>
					<v8:content>Группа страницы</v8:content>
				</v8:item>
				<v8:item>
					<v8:lang>en</v8:lang>
					<v8:content>Group page</v8:content>
				</v8:item>
			</ToolTip>
			<PagesRepresentation>None</PagesRepresentation>
			<ExtendedTooltip name="ГруппаСтраницыРасширеннаяПодсказка" id="2"/>
			<ChildItems>
				<Page name="Страница1" id="3">
					<Title>
						<v8:item>
							<v8:lang>ru</v8:lang>
							<v8:content>Страница1</v8:content>
						</v8:item>
						<v8:item>
							<v8:lang>en</v8:lang>
							<v8:content>Page1</v8:content>
						</v8:item>
					</Title>
					<ToolTip>
						<v8:item>
							<v8:lang>ru</v8:lang>
							<v8:content>Страница1</v8:content>
						</v8:item>
						<v8:item>
							<v8:lang>en</v8:lang>
							<v8:content>Page1</v8:content>
						</v8:item>
					</ToolTip>
					<ExtendedTooltip name="Страница1РасширеннаяПодсказка" id="4"/>
					<ChildItems>
						<InputField name="Поле1Страница1" id="7">
							<DataPath>Поле1Страница1</DataPath>
							<ContextMenu name="Поле1Страница1КонтекстноеМеню" id="8"/>
							<ExtendedTooltip name="Поле1Страница1РасширеннаяПодсказка" id="9"/>
						</InputField>
						<Button name="ПерейтиНаСтраницу2" id="13">
							<Type>UsualButton</Type>
							<CommandName>Form.Command.ПерейтиНаСтраницу2</CommandName>
							<Parameter xsi:nil="true"/>
							<ExtendedTooltip name="ПерейтиНаСтраницу2РасширеннаяПодсказка" id="14"/>
						</Button>
					</ChildItems>
				</Page>
				<Page name="Страница2" id="5">
					<Title>
						<v8:item>
							<v8:lang>ru</v8:lang>
							<v8:content>Страница2</v8:content>
						</v8:item>
						<v8:item>
							<v8:lang>en</v8:lang>
							<v8:content>Page2</v8:content>
						</v8:item>
					</Title>
					<ToolTip>
						<v8:item>
							<v8:lang>ru</v8:lang>
							<v8:content>Страница2</v8:content>
						</v8:item>
						<v8:item>
							<v8:lang>en</v8:lang>
							<v8:content>Page2</v8:content>
						</v8:item>
					</ToolTip>
					<ExtendedTooltip name="Страница2РасширеннаяПодсказка" id="6"/>
					<ChildItems>
						<InputField name="Поле1Страница2" id="10">
							<DataPath>Поле1Страница2</DataPath>
							<ContextMenu name="Поле1Страница2КонтекстноеМеню" id="11"/>
							<ExtendedTooltip name="Поле1Страница2РасширеннаяПодсказка" id="12"/>
						</InputField>
						<Button name="ПерейтиНаСтраницу1" id="15">
							<Type>UsualButton</Type>
							<CommandName>Form.Command.ПерейтиНаСтраницу1</CommandName>
							<Parameter xsi:nil="true"/>
							<ExtendedTooltip name="ПерейтиНаСтраницу1РасширеннаяПодсказка" id="16"/>
						</Button>
					</ChildItems>
				</Page>
			</ChildItems>
		</Pages>
	</ChildItems>
	<Attributes>
		<Attribute name="Объект" id="1">
			<Type>
				<v8:Type>cfg:DataProcessorObject.ОбработкаСтраницыБезОтображения</v8:Type>
			</Type>
			<MainAttribute>true</MainAttribute>
		</Attribute>
		<Attribute name="Поле1Страница1" id="2">
			<Title>
				<v8:item>
					<v8:lang>ru</v8:lang>
					<v8:content>Поле1 страница1</v8:content>
				</v8:item>
				<v8:item>
					<v8:lang>en</v8:lang>
					<v8:content>Field1 Page1</v8:content>
				</v8:item>
			</Title>
			<Type>
				<v8:Type>xs:string</v8:Type>
				<v8:StringQualifiers>
					<v8:Length>0</v8:Length>
					<v8:AllowedLength>Variable</v8:AllowedLength>
				</v8:StringQualifiers>
			</Type>
		</Attribute>
		<Attribute name="Поле1Страница2" id="3">
			<Title>
				<v8:item>
					<v8:lang>ru</v8:lang>
					<v8:content>Поле1 страница2</v8:content>
				</v8:item>
				<v8:item>
					<v8:lang>en</v8:lang>
					<v8:content>Field1 Page2</v8:content>
				</v8:item>
			</Title>
			<Type>
				<v8:Type>xs:string</v8:Type>
				<v8:StringQualifiers>
					<v8:Length>0</v8:Length>
					<v8:AllowedLength>Variable</v8:AllowedLength>
				</v8:StringQualifiers>
			</Type>
		</Attribute>
	</Attributes>
	<Commands>
		<Command name="ПерейтиНаСтраницу2" id="1">
			<Title>
				<v8:item>
					<v8:lang>ru</v8:lang>
					<v8:content>Перейти на страницу 2</v8:content>
				</v8:item>
				<v8:item>
					<v8:lang>en</v8:lang>
					<v8:content>Go to page 2</v8:content>
				</v8:item>
			</Title>
			<ToolTip>
				<v8:item>
					<v8:lang>ru</v8:lang>
					<v8:content>Перейти на страницу2</v8:content>
				</v8:item>
				<v8:item>
					<v8:lang>en</v8:lang>
					<v8:content>Go to page2</v8:content>
				</v8:item>
			</ToolTip>
			<Action>ПерейтиНаСтраницу2</Action>
		</Command>
		<Command name="ПерейтиНаСтраницу1" id="2">
			<Title>
				<v8:item>
					<v8:lang>ru</v8:lang>
					<v8:content>Перейти на страницу 1</v8:content>
				</v8:item>
				<v8:item>
					<v8:lang>en</v8:lang>
					<v8:content>Go to page 1</v8:content>
				</v8:item>
			</Title>
			<ToolTip>
				<v8:item>
					<v8:lang>ru</v8:lang>
					<v8:content>Перейти на страницу1</v8:content>
				</v8:item>
				<v8:item>
					<v8:lang>en</v8:lang>
					<v8:content>Go to страницу1</v8:content>
				</v8:item>
			</ToolTip>
			<Action>ПерейтиНаСтраницу1</Action>
		</Command>
	</Commands>
</Form>