﻿<?xml version="1.0" encoding="UTF-8"?>
<Form xmlns="http://v8.1c.ru/8.3/xcf/logform" xmlns:app="http://v8.1c.ru/8.2/managed-application/core" xmlns:cfg="http://v8.1c.ru/8.1/data/enterprise/current-config" xmlns:dcscor="http://v8.1c.ru/8.1/data-composition-system/core" xmlns:dcsset="http://v8.1c.ru/8.1/data-composition-system/settings" xmlns:ent="http://v8.1c.ru/8.1/data/enterprise" xmlns:lf="http://v8.1c.ru/8.2/managed-application/logform" xmlns:style="http://v8.1c.ru/8.1/data/ui/style" xmlns:sys="http://v8.1c.ru/8.1/data/ui/fonts/system" xmlns:v8="http://v8.1c.ru/8.1/data/core" xmlns:v8ui="http://v8.1c.ru/8.1/data/ui" xmlns:web="http://v8.1c.ru/8.1/data/ui/colors/web" xmlns:win="http://v8.1c.ru/8.1/data/ui/colors/windows" xmlns:xr="http://v8.1c.ru/8.3/xcf/readable" xmlns:xs="http://www.w3.org/2001/XMLSchema" xmlns:xsi="http://www.w3.org/2001/XMLSchema-instance">
	<Title>
		<v8:item>
			<v8:lang>ru</v8:lang>
			<v8:content>Проверка выбора переключателя</v8:content>
		</v8:item>
		<v8:item>
			<v8:lang>en</v8:lang>
			<v8:content>Settings</v8:content>
		</v8:item>
	</Title>
	<WindowOpeningMode>LockOwnerWindow</WindowOpeningMode>
	<AutoTitle>false</AutoTitle>
	<Customizable>false</Customizable>
	<AutoCommandBar name="ФормаКоманднаяПанель" id="-1">
		<Autofill>false</Autofill>
	</AutoCommandBar>
	<Events>
		<Event name="OnCreateAtServer">ПриСозданииНаСервере</Event>
	</Events>
	<ChildItems>
		<UsualGroup name="Настройки" id="46">
			<Title>
				<v8:item>
					<v8:lang>ru</v8:lang>
					<v8:content>Создавать:</v8:content>
				</v8:item>
				<v8:item>
					<v8:lang>en</v8:lang>
					<v8:content>Create:</v8:content>
				</v8:item>
			</Title>
			<Representation>None</Representation>
			<ExtendedTooltip name="НастройкиExtendedTooltip" id="47"/>
			<ChildItems>
				<RadioButtonField name="ПоВсемРаспоряжениям" id="48">
					<DataPath>ПоВсемРаспоряжениям</DataPath>
					<Title>
						<v8:item>
							<v8:lang>ru</v8:lang>
							<v8:content>Создавать</v8:content>
						</v8:item>
						<v8:item>
							<v8:lang>en</v8:lang>
							<v8:content>Create</v8:content>
						</v8:item>
					</Title>
					<TitleLocation>None</TitleLocation>
					<RadioButtonType>Auto</RadioButtonType>
					<ColumnsCount>1</ColumnsCount>
					<ChoiceList>
						<xr:Item>
							<xr:Presentation/>
							<xr:CheckState>0</xr:CheckState>
							<xr:Value xsi:type="FormChoiceListDesTimeValue">
								<Presentation>
									<v8:item>
										<v8:lang>ru</v8:lang>
										<v8:content>по всем распоряжениям</v8:content>
									</v8:item>
									<v8:item>
										<v8:lang>en</v8:lang>
										<v8:content>by all references</v8:content>
									</v8:item>
								</Presentation>
								<Value xsi:type="xs:decimal">0</Value>
							</xr:Value>
						</xr:Item>
					</ChoiceList>
					<ContextMenu name="ПоВсемРаспоряжениямКонтекстноеМеню" id="49"/>
					<ExtendedTooltip name="ПоВсемРаспоряжениямExtendedTooltip" id="50"/>
				</RadioButtonField>
				<RadioButtonField name="ПоВсемРаспоряжениям1" id="51">
					<DataPath>ПоВсемРаспоряжениям</DataPath>
					<Visible>false</Visible>
					<Title>
						<v8:item>
							<v8:lang>ru</v8:lang>
							<v8:content>Создавать</v8:content>
						</v8:item>
						<v8:item>
							<v8:lang>en</v8:lang>
							<v8:content>Create</v8:content>
						</v8:item>
					</Title>
					<TitleLocation>None</TitleLocation>
					<RadioButtonType>Auto</RadioButtonType>
					<ColumnsCount>1</ColumnsCount>
					<ChoiceList>
						<xr:Item>
							<xr:Presentation/>
							<xr:CheckState>0</xr:CheckState>
							<xr:Value xsi:type="FormChoiceListDesTimeValue">
								<Presentation>
									<v8:item>
										<v8:lang>ru</v8:lang>
										<v8:content>по всем распоряжениям на отгрузку для получателей из выбранных распоряжений</v8:content>
									</v8:item>
									<v8:item>
										<v8:lang>en</v8:lang>
										<v8:content>for all shipment references for recipients from selected references</v8:content>
									</v8:item>
								</Presentation>
								<Value xsi:type="xs:decimal">2</Value>
							</xr:Value>
						</xr:Item>
					</ChoiceList>
					<ContextMenu name="ПоВсемРаспоряжениям1КонтекстноеМеню" id="52"/>
					<ExtendedTooltip name="ПоВсемРаспоряжениям1РасширеннаяПодсказка" id="53"/>
				</RadioButtonField>
				<LabelDecoration name="ПояснениеОбъединитьПоПолучателю" id="54">
					<Visible>false</Visible>
					<Height>3</Height>
					<Title formatted="false">
						<v8:item>
							<v8:lang>ru</v8:lang>
							<v8:content>По выделенным распоряжениям будет составлен список получателей. Для каждого получателя будет определен список всех распоряжений и будет создан один ордер для каждого получателя. Если для получателя уже есть ордера - новые создаваться не будут, имеющиеся ордера будут дополнены.</v8:content>
						</v8:item>
						<v8:item>
							<v8:lang>en</v8:lang>
							<v8:content>Recipient list will be created according to the selected references. For each recipient, a list of all references will be defined and one note will be created. If a recipient already has notes, then new ones will not be created, the existing notes will be updated. </v8:content>
						</v8:item>
					</Title>
					<ContextMenu name="ПояснениеОбъединитьПоПолучателюКонтекстноеМеню" id="55"/>
					<ExtendedTooltip name="ПояснениеОбъединитьПоПолучателюРасширеннаяПодсказка" id="56"/>
				</LabelDecoration>
				<RadioButtonField name="ПоВсемРаспоряжениям2" id="57">
					<DataPath>ПоВсемРаспоряжениям</DataPath>
					<Title>
						<v8:item>
							<v8:lang>ru</v8:lang>
							<v8:content>Создавать</v8:content>
						</v8:item>
						<v8:item>
							<v8:lang>en</v8:lang>
							<v8:content>Create</v8:content>
						</v8:item>
					</Title>
					<TitleLocation>None</TitleLocation>
					<RadioButtonType>Auto</RadioButtonType>
					<ColumnsCount>1</ColumnsCount>
					<ChoiceList>
						<xr:Item>
							<xr:Presentation/>
							<xr:CheckState>0</xr:CheckState>
							<xr:Value xsi:type="FormChoiceListDesTimeValue">
								<Presentation>
									<v8:item>
										<v8:lang>ru</v8:lang>
										<v8:content>по выделенным распоряжениям</v8:content>
									</v8:item>
									<v8:item>
										<v8:lang>en</v8:lang>
										<v8:content>by selected references</v8:content>
									</v8:item>
								</Presentation>
								<Value xsi:type="xs:decimal">1</Value>
							</xr:Value>
						</xr:Item>
					</ChoiceList>
					<ContextMenu name="ПоВсемРаспоряжениям2КонтекстноеМеню" id="58"/>
					<ExtendedTooltip name="ПоВсемРаспоряжениям2РасширеннаяПодсказка" id="59"/>
				</RadioButtonField>
				<UsualGroup name="ГруппаДополнительныеНастройки" id="71">
					<Title>
						<v8:item>
							<v8:lang>ru</v8:lang>
							<v8:content>Группа зона отгрузки</v8:content>
						</v8:item>
						<v8:item>
							<v8:lang>en</v8:lang>
							<v8:content>Group shipping area</v8:content>
						</v8:item>
					</Title>
					<Representation>NormalSeparation</Representation>
					<ShowTitle>false</ShowTitle>
					<ExtendedTooltip name="ГруппаДополнительныеНастройкиРасширеннаяПодсказка" id="72"/>
					<ChildItems>
						<UsualGroup name="ГруппаПоВсемПомещениям" id="95">
							<Title>
								<v8:item>
									<v8:lang>ru</v8:lang>
									<v8:content>По всем помещениям</v8:content>
								</v8:item>
								<v8:item>
									<v8:lang>en</v8:lang>
									<v8:content>By all warerooms</v8:content>
								</v8:item>
							</Title>
							<Group>Horizontal</Group>
							<Representation>None</Representation>
							<ShowTitle>false</ShowTitle>
							<ExtendedTooltip name="ГруппаПоВсемПомещениямРасширеннаяПодсказка" id="96"/>
							<ChildItems>
								<RadioButtonField name="НастройкаФормированияПоПомещениям" id="83">
									<DataPath>НастройкаФормированияПоПомещениям</DataPath>
									<TitleLocation>None</TitleLocation>
									<RadioButtonType>Auto</RadioButtonType>
									<ColumnsCount>1</ColumnsCount>
									<ChoiceList>
										<xr:Item>
											<xr:Presentation/>
											<xr:CheckState>0</xr:CheckState>
											<xr:Value xsi:type="FormChoiceListDesTimeValue">
												<Presentation>
													<v8:item>
														<v8:lang>ru</v8:lang>
														<v8:content>по всем помещениям</v8:content>
													</v8:item>
													<v8:item>
														<v8:lang>en</v8:lang>
														<v8:content>by all warerooms</v8:content>
													</v8:item>
												</Presentation>
												<Value xsi:type="xs:string">0</Value>
											</xr:Value>
										</xr:Item>
									</ChoiceList>
									<ContextMenu name="НастройкаФормированияПоПомещениямКонтекстноеМеню" id="84"/>
									<ExtendedTooltip name="НастройкаФормированияПоПомещениямРасширеннаяПодсказка" id="85"/>
									<Events>
										<Event name="OnChange">НастройкаФормированияПоПомещениямПриИзменении</Event>
									</Events>
								</RadioButtonField>
							</ChildItems>
						</UsualGroup>
						<UsualGroup name="ГруппаПоОдномуПомещению" id="81">
							<Title>
								<v8:item>
									<v8:lang>ru</v8:lang>
									<v8:content>Группа значения</v8:content>
								</v8:item>
								<v8:item>
									<v8:lang>en</v8:lang>
									<v8:content>Group values</v8:content>
								</v8:item>
							</Title>
							<ToolTipRepresentation>None</ToolTipRepresentation>
							<Group>Horizontal</Group>
							<Representation>None</Representation>
							<ShowTitle>false</ShowTitle>
							<ExtendedTooltip name="ГруппаПоОдномуПомещениюРасширеннаяПодсказка" id="82"/>
							<ChildItems>
								<RadioButtonField name="НастройкаФормированияПоПомещениям1" id="92">
									<DataPath>НастройкаФормированияПоПомещениям</DataPath>
									<TitleLocation>None</TitleLocation>
									<RadioButtonType>Auto</RadioButtonType>
									<ColumnsCount>1</ColumnsCount>
									<ChoiceList>
										<xr:Item>
											<xr:Presentation/>
											<xr:CheckState>0</xr:CheckState>
											<xr:Value xsi:type="FormChoiceListDesTimeValue">
												<Presentation>
													<v8:item>
														<v8:lang>ru</v8:lang>
														<v8:content>по одному помещению</v8:content>
													</v8:item>
													<v8:item>
														<v8:lang>en</v8:lang>
														<v8:content>by one wareroom</v8:content>
													</v8:item>
												</Presentation>
												<Value xsi:type="xs:string">1</Value>
											</xr:Value>
										</xr:Item>
									</ChoiceList>
									<ContextMenu name="НастройкаФормированияПоПомещениям1КонтекстноеМеню" id="93"/>
									<ExtendedTooltip name="НастройкаФормированияПоПомещениям1РасширеннаяПодсказка" id="94"/>
									<Events>
										<Event name="OnChange">НастройкаФормированияПоПомещениямПриИзменении</Event>
									</Events>
								</RadioButtonField>
								<InputField name="Помещение" id="76">
									<DataPath>Помещение</DataPath>
									<TitleLocation>None</TitleLocation>
									<AutoChoiceIncomplete>false</AutoChoiceIncomplete>
									<AutoMarkIncomplete>true</AutoMarkIncomplete>
									<ChoiceParameterLinks>
										<xr:Link>
											<xr:Name>Отбор.Владелец</xr:Name>
											<xr:DataPath xsi:type="xs:string">Склад</xr:DataPath>
											<xr:ValueChange>Clear</xr:ValueChange>
										</xr:Link>
									</ChoiceParameterLinks>
									<ContextMenu name="ПомещениеКонтекстноеМеню" id="77"/>
									<ExtendedTooltip name="ПомещениеРасширеннаяПодсказка" id="78"/>
									<Events>
										<Event name="OnChange">ПомещениеПриИзменении</Event>
									</Events>
								</InputField>
							</ChildItems>
						</UsualGroup>
						<UsualGroup name="ГруппаНазначитьЗонуОтгрузки" id="79">
							<Title>
								<v8:item>
									<v8:lang>ru</v8:lang>
									<v8:content>Назначить зону отгрузки</v8:content>
								</v8:item>
								<v8:item>
									<v8:lang>en</v8:lang>
									<v8:content>Assign shipping area</v8:content>
								</v8:item>
							</Title>
							<ToolTipRepresentation>None</ToolTipRepresentation>
							<Group>Horizontal</Group>
							<Representation>None</Representation>
							<ShowTitle>false</ShowTitle>
							<ExtendedTooltip name="ГруппаНазначитьЗонуОтгрузкиРасширеннаяПодсказка" id="80"/>
							<ChildItems>
								<CheckBoxField name="НазначатьЗонуОтгрузки" id="65">
									<DataPath>НазначитьЗонуОтгрузки</DataPath>
									<TitleLocation>Right</TitleLocation>
									<CheckBoxType>Auto</CheckBoxType>
									<ContextMenu name="НазначатьЗонуОтгрузкиКонтекстноеМеню" id="66"/>
									<ExtendedTooltip name="НазначатьЗонуОтгрузкиExtendedTooltip" id="67"/>
									<Events>
										<Event name="OnChange">НазначитьЗонуОтгрузкиПриИзменении</Event>
									</Events>
								</CheckBoxField>
								<InputField name="ЗонаОтгрузки" id="68">
									<DataPath>ЗонаОтгрузки</DataPath>
									<TitleLocation>None</TitleLocation>
									<AutoChoiceIncomplete>false</AutoChoiceIncomplete>
									<ChoiceFoldersAndItems>Items</ChoiceFoldersAndItems>
									<AutoMarkIncomplete>true</AutoMarkIncomplete>
									<ChoiceParameterLinks>
										<xr:Link>
											<xr:Name>Отбор.Помещение</xr:Name>
											<xr:DataPath xsi:type="xs:string">Помещение</xr:DataPath>
											<xr:ValueChange>Clear</xr:ValueChange>
										</xr:Link>
										<xr:Link>
											<xr:Name>Отбор.Владелец</xr:Name>
											<xr:DataPath xsi:type="xs:string">Склад</xr:DataPath>
											<xr:ValueChange>Clear</xr:ValueChange>
										</xr:Link>
									</ChoiceParameterLinks>
									<ChoiceParameters>
										<app:item name="Отбор.ТипСкладскойЯчейки">
											<app:value xsi:type="FormChoiceListDesTimeValue">
												<Presentation/>
												<Value xsi:type="xr:DesignTimeRef">5d30c609-34d8-4678-a8c6-8e28ef4f68bc.46f50f70-d92a-43c0-90e4-cb1e38a1d95b</Value>
											</app:value>
										</app:item>
									</ChoiceParameters>
									<ContextMenu name="ЗонаОтгрузкиКонтекстноеМеню" id="69"/>
									<ExtendedTooltip name="ЗонаОтгрузкиExtendedTooltip" id="70"/>
								</InputField>
							</ChildItems>
						</UsualGroup>
					</ChildItems>
				</UsualGroup>
				<LabelDecoration name="ПояснениеОбъединитьПоПолучателю1" id="60">
					<Visible>false</Visible>
					<Title formatted="false">
						<v8:item>
							<v8:lang>ru</v8:lang>
							<v8:content>По выделенным распоряжениям будут созданы ордера. Они будут сгруппированы по получателям. Если по получателю уже есть ордера, они не будут дополняться - будут созданы новые.</v8:content>
						</v8:item>
						<v8:item>
							<v8:lang>en</v8:lang>
							<v8:content>Notes will be created according to the selected references. They will be grouped by recipients. If a recipient already has notes, they will not be updated, new ones will be created.</v8:content>
						</v8:item>
					</Title>
					<ContextMenu name="ПояснениеОбъединитьПоПолучателю1КонтекстноеМеню" id="61"/>
					<ExtendedTooltip name="ПояснениеОбъединитьПоПолучателю1РасширеннаяПодсказка" id="62"/>
				</LabelDecoration>
				<UsualGroup name="ГруппаЗонаОтгрузки" id="63">
					<Title>
						<v8:item>
							<v8:lang>ru</v8:lang>
							<v8:content>Зона отгрузки</v8:content>
						</v8:item>
						<v8:item>
							<v8:lang>en</v8:lang>
							<v8:content>Shipping area</v8:content>
						</v8:item>
					</Title>
					<Group>Horizontal</Group>
					<Representation>None</Representation>
					<ShowTitle>false</ShowTitle>
					<ExtendedTooltip name="ГруппаЗонаОтгрузкиExtendedTooltip" id="64"/>
				</UsualGroup>
			</ChildItems>
		</UsualGroup>
		<CommandBar name="КоманднаяПанельФормы" id="37">
			<Title>
				<v8:item>
					<v8:lang>ru</v8:lang>
					<v8:content>Командная панель формы</v8:content>
				</v8:item>
				<v8:item>
					<v8:lang>en</v8:lang>
					<v8:content>Form command bar</v8:content>
				</v8:item>
			</Title>
			<HorizontalLocation>Right</HorizontalLocation>
			<ExtendedTooltip name="КоманднаяПанельФормыExtendedTooltip" id="43"/>
			<ChildItems>
				<Button name="ОК" id="21">
					<Type>CommandBarButton</Type>
					<DefaultButton>true</DefaultButton>
					<SkipOnInput>false</SkipOnInput>
					<CommandName>Form.Command.ЗакрытьОК</CommandName>
					<Parameter xsi:nil="true"/>
					<Title>
						<v8:item>
							<v8:lang>ru</v8:lang>
							<v8:content>ОК</v8:content>
						</v8:item>
						<v8:item>
							<v8:lang>en</v8:lang>
							<v8:content>OK</v8:content>
						</v8:item>
					</Title>
					<ExtendedTooltip name="ОКExtendedTooltip" id="44"/>
				</Button>
				<Button name="Отмена" id="22">
					<Type>CommandBarButton</Type>
					<SkipOnInput>false</SkipOnInput>
					<CommandName>Form.Command.ЗакрытьБезСохранения</CommandName>
					<Parameter xsi:nil="true"/>
					<Title>
						<v8:item>
							<v8:lang>ru</v8:lang>
							<v8:content>Отмена</v8:content>
						</v8:item>
						<v8:item>
							<v8:lang>en</v8:lang>
							<v8:content>Cancel</v8:content>
						</v8:item>
					</Title>
					<ExtendedTooltip name="ОтменаExtendedTooltip" id="45"/>
				</Button>
			</ChildItems>
		</CommandBar>
	</ChildItems>
	<Attributes>
		<Attribute name="НазначитьЗонуОтгрузки" id="1">
			<Title>
				<v8:item>
					<v8:lang>ru</v8:lang>
					<v8:content>Назначить зону отгрузки</v8:content>
				</v8:item>
				<v8:item>
					<v8:lang>en</v8:lang>
					<v8:content>Assign shipping area</v8:content>
				</v8:item>
			</Title>
			<Type>
				<v8:Type>xs:boolean</v8:Type>
			</Type>
		</Attribute>
		<Attribute name="Склад" id="3">
			<Title>
				<v8:item>
					<v8:lang>ru</v8:lang>
					<v8:content>Склад</v8:content>
				</v8:item>
				<v8:item>
					<v8:lang>en</v8:lang>
					<v8:content>Warehouse</v8:content>
				</v8:item>
			</Title>
			<Type>
				<v8:Type>cfg:CatalogRef.Склады</v8:Type>
			</Type>
		</Attribute>
		<Attribute name="Помещение" id="2">
			<Title>
				<v8:item>
					<v8:lang>ru</v8:lang>
					<v8:content>Помещение</v8:content>
				</v8:item>
				<v8:item>
					<v8:lang>en</v8:lang>
					<v8:content>Wareroom</v8:content>
				</v8:item>
			</Title>
			<Type>
				<v8:Type>xs:string</v8:Type>
				<v8:StringQualifiers>
					<v8:Length>0</v8:Length>
					<v8:AllowedLength>Variable</v8:AllowedLength>
				</v8:StringQualifiers>
			</Type>
		</Attribute>
		<Attribute name="ЗонаОтгрузки" id="4">
			<Title>
				<v8:item>
					<v8:lang>ru</v8:lang>
					<v8:content>Зона отгрузки</v8:content>
				</v8:item>
				<v8:item>
					<v8:lang>en</v8:lang>
					<v8:content>Shipping area</v8:content>
				</v8:item>
			</Title>
			<Type>
				<v8:Type>xs:string</v8:Type>
				<v8:StringQualifiers>
					<v8:Length>0</v8:Length>
					<v8:AllowedLength>Variable</v8:AllowedLength>
				</v8:StringQualifiers>
			</Type>
		</Attribute>
		<Attribute name="ПоВсемРаспоряжениям" id="5">
			<Title>
				<v8:item>
					<v8:lang>ru</v8:lang>
					<v8:content>По всем распоряжениям</v8:content>
				</v8:item>
				<v8:item>
					<v8:lang>en</v8:lang>
					<v8:content>By all references</v8:content>
				</v8:item>
			</Title>
			<Type>
				<v8:Type>xs:decimal</v8:Type>
				<v8:NumberQualifiers>
					<v8:Digits>10</v8:Digits>
					<v8:FractionDigits>0</v8:FractionDigits>
					<v8:AllowedSign>Any</v8:AllowedSign>
				</v8:NumberQualifiers>
			</Type>
		</Attribute>
		<Attribute name="ПоОдномуПомещению" id="6">
			<Title>
				<v8:item>
					<v8:lang>ru</v8:lang>
					<v8:content>По одному помещению</v8:content>
				</v8:item>
				<v8:item>
					<v8:lang>en</v8:lang>
					<v8:content>By one wareroom</v8:content>
				</v8:item>
			</Title>
			<Type>
				<v8:Type>xs:boolean</v8:Type>
			</Type>
		</Attribute>
		<Attribute name="ИспользоватьСкладскиеПомещения" id="7">
			<Title>
				<v8:item>
					<v8:lang>ru</v8:lang>
					<v8:content>Использовать складские помещения</v8:content>
				</v8:item>
				<v8:item>
					<v8:lang>en</v8:lang>
					<v8:content>Use warerooms</v8:content>
				</v8:item>
			</Title>
			<Type>
				<v8:Type>xs:boolean</v8:Type>
			</Type>
		</Attribute>
		<Attribute name="ПоВсемПомещениям" id="8">
			<Title>
				<v8:item>
					<v8:lang>ru</v8:lang>
					<v8:content>По всем помещениям</v8:content>
				</v8:item>
				<v8:item>
					<v8:lang>en</v8:lang>
					<v8:content>By all warerooms</v8:content>
				</v8:item>
			</Title>
			<Type>
				<v8:Type>xs:string</v8:Type>
				<v8:StringQualifiers>
					<v8:Length>0</v8:Length>
					<v8:AllowedLength>Variable</v8:AllowedLength>
				</v8:StringQualifiers>
			</Type>
		</Attribute>
		<Attribute name="НастройкаФормированияПоПомещениям" id="9">
			<Title>
				<v8:item>
					<v8:lang>ru</v8:lang>
					<v8:content>Настройка формирования по помещениям</v8:content>
				</v8:item>
				<v8:item>
					<v8:lang>en</v8:lang>
					<v8:content>Customize generation by warerooms</v8:content>
				</v8:item>
			</Title>
			<Type>
				<v8:Type>xs:string</v8:Type>
				<v8:StringQualifiers>
					<v8:Length>0</v8:Length>
					<v8:AllowedLength>Variable</v8:AllowedLength>
				</v8:StringQualifiers>
			</Type>
		</Attribute>
	</Attributes>
	<Commands>
		<Command name="ЗакрытьОК" id="1">
			<Title>
				<v8:item>
					<v8:lang>ru</v8:lang>
					<v8:content>Закрыть ОК</v8:content>
				</v8:item>
				<v8:item>
					<v8:lang>en</v8:lang>
					<v8:content>Close with saving</v8:content>
				</v8:item>
			</Title>
			<ToolTip>
				<v8:item>
					<v8:lang>ru</v8:lang>
					<v8:content>Закрыть ОК</v8:content>
				</v8:item>
				<v8:item>
					<v8:lang>en</v8:lang>
					<v8:content>Close with saving</v8:content>
				</v8:item>
			</ToolTip>
			<Action>ЗакрытьОК</Action>
		</Command>
		<Command name="ЗакрытьБезСохранения" id="2">
			<Title>
				<v8:item>
					<v8:lang>ru</v8:lang>
					<v8:content>Закрыть без сохранения</v8:content>
				</v8:item>
				<v8:item>
					<v8:lang>en</v8:lang>
					<v8:content>Close without saving</v8:content>
				</v8:item>
			</Title>
			<ToolTip>
				<v8:item>
					<v8:lang>ru</v8:lang>
					<v8:content>Закрыть без сохранения</v8:content>
				</v8:item>
				<v8:item>
					<v8:lang>en</v8:lang>
					<v8:content>Close without saving</v8:content>
				</v8:item>
			</ToolTip>
			<Action>ЗакрытьБезСохранения</Action>
		</Command>
	</Commands>
	<Parameters>
		<Parameter name="Операция">
			<Type>
				<v8:Type>xs:string</v8:Type>
				<v8:StringQualifiers>
					<v8:Length>50</v8:Length>
					<v8:AllowedLength>Variable</v8:AllowedLength>
				</v8:StringQualifiers>
			</Type>
		</Parameter>
		<Parameter name="ПараметрОбъект">
			<Type/>
		</Parameter>
		<Parameter name="Помещение">
			<Type>
				<v8:Type>xs:string</v8:Type>
				<v8:StringQualifiers>
					<v8:Length>0</v8:Length>
					<v8:AllowedLength>Variable</v8:AllowedLength>
				</v8:StringQualifiers>
			</Type>
		</Parameter>
		<Parameter name="Склад">
			<Type>
				<v8:Type>cfg:CatalogRef.Склады</v8:Type>
			</Type>
		</Parameter>
	</Parameters>
</Form>