﻿<?xml version="1.0" encoding="UTF-8"?>
<Form xmlns="http://v8.1c.ru/8.3/xcf/logform" xmlns:app="http://v8.1c.ru/8.2/managed-application/core" xmlns:cfg="http://v8.1c.ru/8.1/data/enterprise/current-config" xmlns:dcscor="http://v8.1c.ru/8.1/data-composition-system/core" xmlns:dcsset="http://v8.1c.ru/8.1/data-composition-system/settings" xmlns:ent="http://v8.1c.ru/8.1/data/enterprise" xmlns:lf="http://v8.1c.ru/8.2/managed-application/logform" xmlns:style="http://v8.1c.ru/8.1/data/ui/style" xmlns:sys="http://v8.1c.ru/8.1/data/ui/fonts/system" xmlns:v8="http://v8.1c.ru/8.1/data/core" xmlns:v8ui="http://v8.1c.ru/8.1/data/ui" xmlns:web="http://v8.1c.ru/8.1/data/ui/colors/web" xmlns:win="http://v8.1c.ru/8.1/data/ui/colors/windows" xmlns:xr="http://v8.1c.ru/8.3/xcf/readable" xmlns:xs="http://www.w3.org/2001/XMLSchema" xmlns:xsi="http://www.w3.org/2001/XMLSchema-instance">
	<Title>
		<v8:item>
			<v8:lang>ru</v8:lang>
			<v8:content>Ручная операция</v8:content>
		</v8:item>
		<v8:item>
			<v8:lang>en</v8:lang>
			<v8:content>Mainual operation</v8:content>
		</v8:item>
	</Title>
	<VerticalScroll>useIfNecessary</VerticalScroll>
	<AutoTime>CurrentOrLast</AutoTime>
	<UsePostingMode>Auto</UsePostingMode>
	<RepostOnWrite>true</RepostOnWrite>
	<AutoCommandBar name="ФормаКоманднаяПанель" id="-1">
		<ChildItems>
			<ButtonGroup name="ГруппаКнопкиКоманднойПанели" id="1007">
				<Title>
					<v8:item>
						<v8:lang>ru</v8:lang>
						<v8:content>Группа кнопки командной панели</v8:content>
					</v8:item>
					<v8:item>
						<v8:lang>en</v8:lang>
						<v8:content>Group command buttons</v8:content>
					</v8:item>
				</Title>
				<ToolTip>
					<v8:item>
						<v8:lang>ru</v8:lang>
						<v8:content>Группа кнопки командной панели</v8:content>
					</v8:item>
					<v8:item>
						<v8:lang>en</v8:lang>
						<v8:content>Group command buttons</v8:content>
					</v8:item>
				</ToolTip>
				<ExtendedTooltip name="ГруппаКнопкиКоманднойПанелиРасширеннаяПодсказка" id="1008"/>
				<ChildItems>
					<ButtonGroup name="ГруппаВажныеКоманды" id="1009">
						<Title>
							<v8:item>
								<v8:lang>ru</v8:lang>
								<v8:content>Группа важные команды</v8:content>
							</v8:item>
							<v8:item>
								<v8:lang>en</v8:lang>
								<v8:content>Group important commands</v8:content>
							</v8:item>
						</Title>
						<ToolTip>
							<v8:item>
								<v8:lang>ru</v8:lang>
								<v8:content>Группа важные команды</v8:content>
							</v8:item>
							<v8:item>
								<v8:lang>en</v8:lang>
								<v8:content>Group important commands</v8:content>
							</v8:item>
						</ToolTip>
						<ExtendedTooltip name="ГруппаВажныеКомандыРасширеннаяПодсказка" id="1010"/>
						<ChildItems>
							<Button name="ФормаНастроитьСоставРегистров" id="1011">
								<Type>CommandBarButton</Type>
								<CommandName>Form.Command.НастроитьСоставРегистров</CommandName>
								<Parameter xsi:nil="true"/>
								<ExtendedTooltip name="ФормаНастроитьСоставРегистровРасширеннаяПодсказка" id="1012"/>
							</Button>
							<Button name="ФормаПереключитьАктивностьДвижений" id="1013">
								<Type>CommandBarButton</Type>
								<CommandName>Form.Command.ПереключитьАктивностьДвижений</CommandName>
								<Parameter xsi:nil="true"/>
								<ExtendedTooltip name="ФормаПереключитьАктивностьДвиженийРасширеннаяПодсказка" id="1014"/>
							</Button>
						</ChildItems>
					</ButtonGroup>
				</ChildItems>
			</ButtonGroup>
		</ChildItems>
	</AutoCommandBar>
	<Events>
		<Event name="AfterWrite">ПослеЗаписи</Event>
		<Event name="AfterWriteAtServer">ПослеЗаписиНаСервере</Event>
		<Event name="OnReadAtServer">ПриЧтенииНаСервере</Event>
		<Event name="BeforeWriteAtServer">ПередЗаписьюНаСервере</Event>
		<Event name="OnCreateAtServer">ПриСозданииНаСервере</Event>
	</Events>
	<ChildItems>
		<UsualGroup name="Шапка" id="68">
			<Title>
				<v8:item>
					<v8:lang>ru</v8:lang>
					<v8:content>Шапка</v8:content>
				</v8:item>
				<v8:item>
					<v8:lang>en</v8:lang>
					<v8:content>Top</v8:content>
				</v8:item>
			</Title>
			<ToolTip>
				<v8:item>
					<v8:lang>ru</v8:lang>
					<v8:content>Шапка</v8:content>
				</v8:item>
				<v8:item>
					<v8:lang>en</v8:lang>
					<v8:content>Top</v8:content>
				</v8:item>
			</ToolTip>
			<Group>Horizontal</Group>
			<Representation>None</Representation>
			<ShowTitle>false</ShowTitle>
			<ExtendedTooltip name="ШапкаExtendedTooltip" id="205"/>
			<ChildItems>
				<UsualGroup name="ГруппаШапкиЛевая" id="1218">
					<Title>
						<v8:item>
							<v8:lang>ru</v8:lang>
							<v8:content>Группа шапки левая</v8:content>
						</v8:item>
					</Title>
					<ToolTip>
						<v8:item>
							<v8:lang>ru</v8:lang>
							<v8:content>Группа шапки левая</v8:content>
						</v8:item>
					</ToolTip>
					<Representation>None</Representation>
					<ShowTitle>false</ShowTitle>
					<ExtendedTooltip name="ГруппаШапкиЛеваяРасширеннаяПодсказка" id="1219"/>
					<ChildItems>
						<UsualGroup name="НомерДата" id="16">
							<Group>Horizontal</Group>
							<Representation>None</Representation>
							<ShowTitle>false</ShowTitle>
							<ExtendedTooltip name="НомерДатаExtendedTooltip" id="206"/>
							<ChildItems>
								<InputField name="Номер" id="1">
									<DataPath>Объект.Number</DataPath>
									<EditMode>EnterOnInput</EditMode>
									<HorizontalStretch>false</HorizontalStretch>
									<ContextMenu name="НомерКонтекстноеМеню" id="2"/>
									<ExtendedTooltip name="НомерExtendedTooltip" id="207"/>
								</InputField>
								<InputField name="Дата" id="3">
									<DataPath>Объект.Date</DataPath>
									<Title>
										<v8:item>
											<v8:lang>ru</v8:lang>
											<v8:content>от</v8:content>
										</v8:item>
										<v8:item>
											<v8:lang>en</v8:lang>
											<v8:content>From</v8:content>
										</v8:item>
									</Title>
									<EditMode>EnterOnInput</EditMode>
									<ContextMenu name="ДатаКонтекстноеМеню" id="4"/>
									<ExtendedTooltip name="ДатаExtendedTooltip" id="208"/>
								</InputField>
							</ChildItems>
						</UsualGroup>
						<InputField name="Содержание" id="11">
							<DataPath>Объект.Содержание</DataPath>
							<EditMode>EnterOnInput</EditMode>
							<ContextMenu name="СодержаниеКонтекстноеМеню" id="12"/>
							<ExtendedTooltip name="СодержаниеExtendedTooltip" id="214"/>
						</InputField>
					</ChildItems>
				</UsualGroup>
				<UsualGroup name="ГруппаШапкиПравая" id="1220">
					<Title>
						<v8:item>
							<v8:lang>ru</v8:lang>
							<v8:content>Группа шапки правая</v8:content>
						</v8:item>
					</Title>
					<ToolTip>
						<v8:item>
							<v8:lang>ru</v8:lang>
							<v8:content>Группа шапки правая</v8:content>
						</v8:item>
					</ToolTip>
					<Representation>None</Representation>
					<ShowTitle>false</ShowTitle>
					<ExtendedTooltip name="ГруппаШапкиПраваяРасширеннаяПодсказка" id="1221"/>
					<ChildItems>
						<InputField name="Организация" id="1222">
							<DataPath>Объект.Организация</DataPath>
							<ContextMenu name="ОрганизацияКонтекстноеМеню" id="1223"/>
							<ExtendedTooltip name="ОрганизацияРасширеннаяПодсказка" id="1224"/>
							<Events>
								<Event name="OnChange">ОрганизацияПриИзменении</Event>
							</Events>
						</InputField>
						<InputField name="СуммаОперации" id="5">
							<DataPath>Объект.СуммаОперации</DataPath>
							<TitleLocation>Left</TitleLocation>
							<EditMode>EnterOnInput</EditMode>
							<ContextMenu name="СуммаОперацииКонтекстноеМеню" id="6"/>
							<ExtendedTooltip name="СуммаОперацииExtendedTooltip" id="212"/>
						</InputField>
					</ChildItems>
				</UsualGroup>
			</ChildItems>
		</UsualGroup>
		<Pages name="ПанельРегистров" id="89">
			<Title>
				<v8:item>
					<v8:lang>ru</v8:lang>
					<v8:content>Панель регистров</v8:content>
				</v8:item>
				<v8:item>
					<v8:lang>en</v8:lang>
					<v8:content>register panel</v8:content>
				</v8:item>
			</Title>
			<ToolTip>
				<v8:item>
					<v8:lang>ru</v8:lang>
					<v8:content>Панель регистров</v8:content>
				</v8:item>
				<v8:item>
					<v8:lang>en</v8:lang>
					<v8:content>register panel</v8:content>
				</v8:item>
			</ToolTip>
			<ExtendedTooltip name="ПанельРегистровРасширеннаяПодсказка" id="215"/>
		</Pages>
		<InputField name="Комментарий" id="1225">
			<DataPath>Объект.Комментарий</DataPath>
			<ContextMenu name="КомментарийКонтекстноеМеню" id="1226"/>
			<ExtendedTooltip name="КомментарийРасширеннаяПодсказка" id="1227"/>
		</InputField>
	</ChildItems>
	<Attributes>
		<Attribute name="Объект" id="1">
			<Type>
				<v8:Type>cfg:DocumentObject.ОперацияБух</v8:Type>
			</Type>
			<MainAttribute>true</MainAttribute>
			<SavedData>true</SavedData>
			<UseAlways>
				<Field>Объект.RegisterRecords</Field>
			</UseAlways>
		</Attribute>
		<Attribute name="Регистры" id="6">
			<Title>
				<v8:item>
					<v8:lang>ru</v8:lang>
					<v8:content>Регистры</v8:content>
				</v8:item>
				<v8:item>
					<v8:lang>en</v8:lang>
					<v8:content>registers</v8:content>
				</v8:item>
			</Title>
			<Type>
				<v8:Type>v8:ValueTable</v8:Type>
			</Type>
			<SavedData>true</SavedData>
			<Columns>
				<Column name="ТипРегистра" id="1">
					<Title>
						<v8:item>
							<v8:lang>ru</v8:lang>
							<v8:content>Тип регистра</v8:content>
						</v8:item>
						<v8:item>
							<v8:lang>en</v8:lang>
							<v8:content>register type</v8:content>
						</v8:item>
					</Title>
					<Type>
						<v8:Type>xs:string</v8:Type>
						<v8:StringQualifiers>
							<v8:Length>20</v8:Length>
							<v8:AllowedLength>Variable</v8:AllowedLength>
						</v8:StringQualifiers>
					</Type>
				</Column>
				<Column name="Имя" id="2">
					<Title>
						<v8:item>
							<v8:lang>ru</v8:lang>
							<v8:content>Имя</v8:content>
						</v8:item>
						<v8:item>
							<v8:lang>en</v8:lang>
							<v8:content>Name</v8:content>
						</v8:item>
					</Title>
					<Type>
						<v8:Type>xs:string</v8:Type>
						<v8:StringQualifiers>
							<v8:Length>100</v8:Length>
							<v8:AllowedLength>Variable</v8:AllowedLength>
						</v8:StringQualifiers>
					</Type>
				</Column>
				<Column name="Синоним" id="3">
					<Title>
						<v8:item>
							<v8:lang>ru</v8:lang>
							<v8:content>Синоним</v8:content>
						</v8:item>
						<v8:item>
							<v8:lang>en</v8:lang>
							<v8:content>Interpretation</v8:content>
						</v8:item>
					</Title>
					<Type>
						<v8:Type>xs:string</v8:Type>
						<v8:StringQualifiers>
							<v8:Length>100</v8:Length>
							<v8:AllowedLength>Variable</v8:AllowedLength>
						</v8:StringQualifiers>
					</Type>
				</Column>
				<Column name="ЕстьДвижения" id="5">
					<Title>
						<v8:item>
							<v8:lang>ru</v8:lang>
							<v8:content>Есть движения</v8:content>
						</v8:item>
						<v8:item>
							<v8:lang>en</v8:lang>
							<v8:content>there is a movement</v8:content>
						</v8:item>
					</Title>
					<Type>
						<v8:Type>xs:boolean</v8:Type>
					</Type>
				</Column>
				<Column name="Отображение" id="6">
					<Title>
						<v8:item>
							<v8:lang>ru</v8:lang>
							<v8:content>Отображение</v8:content>
						</v8:item>
						<v8:item>
							<v8:lang>en</v8:lang>
							<v8:content>Display</v8:content>
						</v8:item>
					</Title>
					<Type>
						<v8:Type>xs:boolean</v8:Type>
					</Type>
				</Column>
				<Column name="Отрисован" id="8">
					<Title>
						<v8:item>
							<v8:lang>ru</v8:lang>
							<v8:content>Отрисован</v8:content>
						</v8:item>
						<v8:item>
							<v8:lang>en</v8:lang>
							<v8:content>rendered</v8:content>
						</v8:item>
					</Title>
					<Type>
						<v8:Type>xs:boolean</v8:Type>
					</Type>
				</Column>
				<Column name="РегистрОстатков" id="9">
					<Title>
						<v8:item>
							<v8:lang>ru</v8:lang>
							<v8:content>Регистр остатков</v8:content>
						</v8:item>
						<v8:item>
							<v8:lang>en</v8:lang>
							<v8:content>residue register</v8:content>
						</v8:item>
					</Title>
					<Type>
						<v8:Type>xs:boolean</v8:Type>
					</Type>
				</Column>
				<Column name="ЕстьРеквизит" id="4">
					<Title>
						<v8:item>
							<v8:lang>ru</v8:lang>
							<v8:content>Есть реквизит</v8:content>
						</v8:item>
						<v8:item>
							<v8:lang>en</v8:lang>
							<v8:content>there are props</v8:content>
						</v8:item>
					</Title>
					<Type>
						<v8:Type>xs:boolean</v8:Type>
					</Type>
				</Column>
				<Column name="Записывать" id="7">
					<Title>
						<v8:item>
							<v8:lang>ru</v8:lang>
							<v8:content>Записывать</v8:content>
						</v8:item>
						<v8:item>
							<v8:lang>en</v8:lang>
							<v8:content>Write down</v8:content>
						</v8:item>
					</Title>
					<Type>
						<v8:Type>xs:boolean</v8:Type>
					</Type>
				</Column>
			</Columns>
		</Attribute>
		<Attribute name="АктивностьДвижений" id="7">
			<Title>
				<v8:item>
					<v8:lang>ru</v8:lang>
					<v8:content>Активность движений</v8:content>
				</v8:item>
				<v8:item>
					<v8:lang>en</v8:lang>
					<v8:content>Active movements</v8:content>
				</v8:item>
			</Title>
			<Type>
				<v8:Type>xs:boolean</v8:Type>
			</Type>
		</Attribute>
	</Attributes>
	<Commands>
		<Command name="НастроитьСоставРегистров" id="2">
			<Title>
				<v8:item>
					<v8:lang>ru</v8:lang>
					<v8:content>Выбор регистров...</v8:content>
				</v8:item>
				<v8:item>
					<v8:lang>en</v8:lang>
					<v8:content>Select Register ...</v8:content>
				</v8:item>
			</Title>
			<ToolTip>
				<v8:item>
					<v8:lang>ru</v8:lang>
					<v8:content>Выбор регистров, по которым нужно сделать движения</v8:content>
				</v8:item>
				<v8:item>
					<v8:lang>en</v8:lang>
					<v8:content>Selection of registers, which is necessary to make movements</v8:content>
				</v8:item>
			</ToolTip>
			<Action>НастроитьСоставРегистров</Action>
			<Representation>TextPicture</Representation>
			<ModifiesSavedData>true</ModifiesSavedData>
		</Command>
		<Command name="ПереключитьАктивностьДвижений" id="3">
			<Title>
				<v8:item>
					<v8:lang>ru</v8:lang>
					<v8:content>Переключить активность движений</v8:content>
				</v8:item>
				<v8:item>
					<v8:lang>en</v8:lang>
					<v8:content>Switch movements Activity</v8:content>
				</v8:item>
			</Title>
			<ToolTip>
				<v8:item>
					<v8:lang>ru</v8:lang>
					<v8:content>Переключить активность движений</v8:content>
				</v8:item>
				<v8:item>
					<v8:lang>en</v8:lang>
					<v8:content>Switch movements Activity</v8:content>
				</v8:item>
			</ToolTip>
			<Picture>
				<xr:Ref>StdPicture.SwitchActivity</xr:Ref>
				<xr:LoadTransparent>true</xr:LoadTransparent>
			</Picture>
			<Action>ПереключитьАктивностьДвижений</Action>
			<ModifiesSavedData>true</ModifiesSavedData>
		</Command>
	</Commands>
	<Parameters>
		<Parameter name="ПараметрТекущаяСтрока">
			<Type>
				<v8:Type>xs:decimal</v8:Type>
				<v8:NumberQualifiers>
					<v8:Digits>10</v8:Digits>
					<v8:FractionDigits>0</v8:FractionDigits>
					<v8:AllowedSign>Any</v8:AllowedSign>
				</v8:NumberQualifiers>
			</Type>
		</Parameter>
		<Parameter name="ПараметрСсылка">
			<Type>
				<v8:Type>cfg:DocumentRef.ОперацияБух</v8:Type>
			</Type>
		</Parameter>
		<Parameter name="ПараметрРегистр">
			<Type>
				<v8:Type>xs:string</v8:Type>
				<v8:StringQualifiers>
					<v8:Length>0</v8:Length>
					<v8:AllowedLength>Variable</v8:AllowedLength>
				</v8:StringQualifiers>
			</Type>
		</Parameter>
	</Parameters>
	<CommandInterface>
		<NavigationPanel>
			<Item>
				<Command>0</Command>
				<Type>Auto</Type>
				<DefaultVisible>false</DefaultVisible>
				<Visible>
					<xr:Common>false</xr:Common>
				</Visible>
			</Item>
		</NavigationPanel>
	</CommandInterface>
</Form>