﻿<?xml version="1.0" encoding="UTF-8"?>
<Form xmlns="http://v8.1c.ru/8.3/xcf/logform" xmlns:app="http://v8.1c.ru/8.2/managed-application/core" xmlns:cfg="http://v8.1c.ru/8.1/data/enterprise/current-config" xmlns:dcscor="http://v8.1c.ru/8.1/data-composition-system/core" xmlns:dcsset="http://v8.1c.ru/8.1/data-composition-system/settings" xmlns:ent="http://v8.1c.ru/8.1/data/enterprise" xmlns:lf="http://v8.1c.ru/8.2/managed-application/logform" xmlns:style="http://v8.1c.ru/8.1/data/ui/style" xmlns:sys="http://v8.1c.ru/8.1/data/ui/fonts/system" xmlns:v8="http://v8.1c.ru/8.1/data/core" xmlns:v8ui="http://v8.1c.ru/8.1/data/ui" xmlns:web="http://v8.1c.ru/8.1/data/ui/colors/web" xmlns:win="http://v8.1c.ru/8.1/data/ui/colors/windows" xmlns:xr="http://v8.1c.ru/8.3/xcf/readable" xmlns:xs="http://www.w3.org/2001/XMLSchema" xmlns:xsi="http://www.w3.org/2001/XMLSchema-instance">
	<Height>20</Height>
	<VerticalScroll>useIfNecessary</VerticalScroll>
	<AutoCommandBar name="ФормаКоманднаяПанель" id="-1"/>
	<ChildItems>
		<UsualGroup name="ГруппаБыстрыеОтборы" id="221">
			<Title>
				<v8:item>
					<v8:lang>ru</v8:lang>
					<v8:content>Быстрые отборы</v8:content>
				</v8:item>
				<v8:item>
					<v8:lang>en</v8:lang>
					<v8:content>Quick selections</v8:content>
				</v8:item>
			</Title>
			<ToolTip>
				<v8:item>
					<v8:lang>ru</v8:lang>
					<v8:content>Быстрые отборы</v8:content>
				</v8:item>
				<v8:item>
					<v8:lang>en</v8:lang>
					<v8:content>Quick selections</v8:content>
				</v8:item>
			</ToolTip>
			<Group>Horizontal</Group>
			<Representation>None</Representation>
			<ChildItemsWidth>Equal</ChildItemsWidth>
			<ShowTitle>false</ShowTitle>
			<ExtendedTooltip name="ГруппаБыстрыеОтборыРасширеннаяПодсказка" id="233"/>
		</UsualGroup>
		<Table name="Список" id="1">
			<Representation>List</Representation>
			<CommandBarLocation>None</CommandBarLocation>
			<DefaultItem>true</DefaultItem>
			<Height>7</Height>
			<UseAlternationRowColor>true</UseAlternationRowColor>
			<InitialTreeView>ExpandTopLevel</InitialTreeView>
			<EnableStartDrag>true</EnableStartDrag>
			<DataPath>Список</DataPath>
			<RowPictureDataPath>Список.DefaultPicture</RowPictureDataPath>
			<AutoRefresh>false</AutoRefresh>
			<AutoRefreshPeriod>60</AutoRefreshPeriod>
			<Period xsi:type="v8:StandardPeriod">
				<v8:variant xsi:type="v8:StandardPeriodVariant">Custom</v8:variant>
				<v8:startDate>0001-01-01T00:00:00</v8:startDate>
				<v8:endDate>0001-01-01T00:00:00</v8:endDate>
			</Period>
			<ChoiceFoldersAndItems>Items</ChoiceFoldersAndItems>
			<RestoreCurrentRow>false</RestoreCurrentRow>
			<TopLevelParent xsi:nil="true"/>
			<ShowRoot>true</ShowRoot>
			<AllowRootChoice>false</AllowRootChoice>
			<UpdateOnDataChange>Auto</UpdateOnDataChange>
			<UserSettingsGroup>ГруппаБыстрыеОтборы</UserSettingsGroup>
			<ContextMenu name="СписокКонтекстноеМеню" id="2"/>
			<AutoCommandBar name="СписокКоманднаяПанель" id="3">
				<Autofill>false</Autofill>
			</AutoCommandBar>
			<ExtendedTooltip name="СписокРасширеннаяПодсказка" id="235"/>
			<SearchStringAddition name="СписокСтрокаПоиска" id="236">
				<Source>
					<lf:elementId>1</lf:elementId>
					<lf:additionId>0</lf:additionId>
				</Source>
				<ContextMenu name="СписокСтрокаПоискаКонтекстноеМеню" id="237"/>
				<ExtendedTooltip name="СписокСтрокаПоискаРасширеннаяПодсказка" id="238"/>
			</SearchStringAddition>
			<ViewStatusAddition name="СписокСостояниеПросмотра" id="239">
				<Source>
					<lf:elementId>1</lf:elementId>
					<lf:additionId>1</lf:additionId>
				</Source>
				<HorizontalLocation>Left</HorizontalLocation>
				<ContextMenu name="СписокСостояниеПросмотраКонтекстноеМеню" id="240"/>
				<ExtendedTooltip name="СписокСостояниеПросмотраРасширеннаяПодсказка" id="241"/>
			</ViewStatusAddition>
			<SearchControlAddition name="СписокУправлениеПоиском" id="242">
				<Source>
					<lf:elementId>1</lf:elementId>
					<lf:additionId>2</lf:additionId>
				</Source>
				<ContextMenu name="СписокУправлениеПоискомКонтекстноеМеню" id="243"/>
				<ExtendedTooltip name="СписокУправлениеПоискомРасширеннаяПодсказка" id="244"/>
			</SearchControlAddition>
			<ChildItems>
				<LabelField name="Дата" id="4">
					<DataPath>Список.Date</DataPath>
					<DefaultItem>true</DefaultItem>
					<ContextMenu name="ДатаКонтекстноеМеню" id="5"/>
					<ExtendedTooltip name="ДатаРасширеннаяПодсказка" id="245"/>
				</LabelField>
				<LabelField name="Номер" id="6">
					<DataPath>Список.Number</DataPath>
					<ContextMenu name="НомерКонтекстноеМеню" id="7"/>
					<ExtendedTooltip name="НомерРасширеннаяПодсказка" id="246"/>
				</LabelField>
				<LabelField name="Портфель" id="16">
					<DataPath>1/16</DataPath>
					<ContextMenu name="ПортфельКонтекстноеМеню" id="17"/>
					<ExtendedTooltip name="ПортфельРасширеннаяПодсказка" id="247"/>
				</LabelField>
				<InputField name="Учредитель" id="295">
					<DataPath>Список.ТаблицаРегистровНакопления</DataPath>
					<ContextMenu name="УчредительКонтекстноеМеню" id="296"/>
					<ExtendedTooltip name="УчредительРасширеннаяПодсказка" id="297"/>
				</InputField>
				<LabelField name="СуммаОперации" id="8">
					<DataPath>Список.СуммаОперации</DataPath>
					<MarkNegatives>true</MarkNegatives>
					<ContextMenu name="СуммаОперацииКонтекстноеМеню" id="9"/>
					<ExtendedTooltip name="СуммаОперацииРасширеннаяПодсказка" id="249"/>
				</LabelField>
				<LabelField name="СуммаОперацииЕПС" id="292">
					<DataPath>1/48</DataPath>
					<ContextMenu name="СуммаОперацииЕПСКонтекстноеМеню" id="293"/>
					<ExtendedTooltip name="СуммаОперацииЕПСРасширеннаяПодсказка" id="294"/>
				</LabelField>
				<LabelField name="Содержание" id="14">
					<DataPath>Список.Содержание</DataPath>
					<ContextMenu name="СодержаниеКонтекстноеМеню" id="15"/>
					<ExtendedTooltip name="СодержаниеРасширеннаяПодсказка" id="250"/>
				</LabelField>
				<LabelField name="Ответственный" id="12">
					<ContextMenu name="ОтветственныйКонтекстноеМеню" id="13"/>
					<ExtendedTooltip name="ОтветственныйРасширеннаяПодсказка" id="252"/>
				</LabelField>
				<LabelField name="Комментарий" id="10">
					<ContextMenu name="КомментарийКонтекстноеМеню" id="11"/>
					<ExtendedTooltip name="КомментарийРасширеннаяПодсказка" id="253"/>
				</LabelField>
				<LabelField name="Ссылка" id="227">
					<DataPath>Список.Ref</DataPath>
					<UserVisible>
						<xr:Common>false</xr:Common>
					</UserVisible>
					<ContextMenu name="СсылкаКонтекстноеМеню" id="228"/>
					<ExtendedTooltip name="СсылкаРасширеннаяПодсказка" id="251"/>
				</LabelField>
			</ChildItems>
		</Table>
	</ChildItems>
	<Attributes>
		<Attribute name="Список" id="1">
			<Type>
				<v8:Type>cfg:DynamicList</v8:Type>
			</Type>
			<MainAttribute>true</MainAttribute>
			<UseAlways>
				<Field>Список.Ref</Field>
			</UseAlways>
			<Settings xsi:type="DynamicList">
				<ManualQuery>false</ManualQuery>
				<DynamicDataRead>true</DynamicDataRead>
				<MainTable>Document.ОперацияБух</MainTable>
				<ListSettings>
					<dcsset:filter>
						<dcsset:item xsi:type="dcsset:FilterItemComparison">
							<dcsset:use>false</dcsset:use>
							<dcsset:left xsi:type="dcscor:Field">Учредитель</dcsset:left>
							<dcsset:comparisonType>Equal</dcsset:comparisonType>
							<dcsset:userSettingID>be15c420-b2b4-41ce-9e92-e074120425d9</dcsset:userSettingID>
						</dcsset:item>
						<dcsset:viewMode>Normal</dcsset:viewMode>
						<dcsset:userSettingID>dfcece9d-5077-440b-b6b3-45a5cb4538eb</dcsset:userSettingID>
					</dcsset:filter>
					<dcsset:order>
						<dcsset:viewMode>Normal</dcsset:viewMode>
						<dcsset:userSettingID>88619765-ccb3-46c6-ac52-38e9c992ebd4</dcsset:userSettingID>
					</dcsset:order>
					<dcsset:conditionalAppearance>
						<dcsset:viewMode>Normal</dcsset:viewMode>
						<dcsset:userSettingID>b75fecce-942b-4aed-abc9-e6a02e460fb3</dcsset:userSettingID>
					</dcsset:conditionalAppearance>
				</ListSettings>
			</Settings>
		</Attribute>
	</Attributes>
</Form>