﻿<?xml version="1.0" encoding="UTF-8"?>
<Form xmlns="http://v8.1c.ru/8.3/xcf/logform" xmlns:app="http://v8.1c.ru/8.2/managed-application/core" xmlns:cfg="http://v8.1c.ru/8.1/data/enterprise/current-config" xmlns:dcscor="http://v8.1c.ru/8.1/data-composition-system/core" xmlns:dcsset="http://v8.1c.ru/8.1/data-composition-system/settings" xmlns:ent="http://v8.1c.ru/8.1/data/enterprise" xmlns:lf="http://v8.1c.ru/8.2/managed-application/logform" xmlns:style="http://v8.1c.ru/8.1/data/ui/style" xmlns:sys="http://v8.1c.ru/8.1/data/ui/fonts/system" xmlns:v8="http://v8.1c.ru/8.1/data/core" xmlns:v8ui="http://v8.1c.ru/8.1/data/ui" xmlns:web="http://v8.1c.ru/8.1/data/ui/colors/web" xmlns:win="http://v8.1c.ru/8.1/data/ui/colors/windows" xmlns:xr="http://v8.1c.ru/8.3/xcf/readable" xmlns:xs="http://www.w3.org/2001/XMLSchema" xmlns:xsi="http://www.w3.org/2001/XMLSchema-instance">
	<Title>
		<v8:item>
			<v8:lang>ru</v8:lang>
			<v8:content>Выберите регистры, по которым нужно сделать движения</v8:content>
		</v8:item>
		<v8:item>
			<v8:lang>en</v8:lang>
			<v8:content>Select registers, which have to do movements</v8:content>
		</v8:item>
	</Title>
	<Width>55</Width>
	<WindowOpeningMode>LockOwnerWindow</WindowOpeningMode>
	<AutoTitle>false</AutoTitle>
	<AutoCommandBar name="ФормаКоманднаяПанель" id="-1">
		<Autofill>false</Autofill>
		<ChildItems>
			<Button name="УстановитьВсеФлажки" id="64">
				<Type>CommandBarButton</Type>
				<CommandName>Form.Command.УстановитьВсеФлажки</CommandName>
				<Parameter xsi:nil="true"/>
				<ExtendedTooltip name="УстановитьВсеФлажкиРасширеннаяПодсказка" id="65"/>
			</Button>
			<Button name="СнятьВсеФлажки" id="66">
				<Type>CommandBarButton</Type>
				<CommandName>Form.Command.СнятьВсеФлажки</CommandName>
				<Parameter xsi:nil="true"/>
				<ExtendedTooltip name="СнятьВсеФлажкиРасширеннаяПодсказка" id="67"/>
			</Button>
			<Button name="УстановитьСтандартнуюНастройку" id="68">
				<Type>CommandBarButton</Type>
				<CommandName>Form.Command.УстановитьСтандартнуюНастройку</CommandName>
				<Parameter xsi:nil="true"/>
				<ExtendedTooltip name="УстановитьСтандартнуюНастройкуРасширеннаяПодсказка" id="69"/>
			</Button>
		</ChildItems>
	</AutoCommandBar>
	<Events>
		<Event name="OnCreateAtServer">ПриСозданииНаСервере</Event>
	</Events>
	<ChildItems>
		<Pages name="ГруппаРегистров" id="25">
			<Title>
				<v8:item>
					<v8:lang>ru</v8:lang>
					<v8:content>Регистры</v8:content>
				</v8:item>
				<v8:item>
					<v8:lang>en</v8:lang>
					<v8:content>registers</v8:content>
				</v8:item>
			</Title>
			<ToolTip>
				<v8:item>
					<v8:lang>ru</v8:lang>
					<v8:content>Группа регистров</v8:content>
				</v8:item>
				<v8:item>
					<v8:lang>en</v8:lang>
					<v8:content>Group registers</v8:content>
				</v8:item>
			</ToolTip>
			<ExtendedTooltip name="ГруппаРегистровExtendedTooltip" id="51"/>
			<ChildItems>
				<Page name="ГруппаРегистрыНакопления" id="27">
					<Title>
						<v8:item>
							<v8:lang>ru</v8:lang>
							<v8:content>Регистры накопления</v8:content>
						</v8:item>
						<v8:item>
							<v8:lang>en</v8:lang>
							<v8:content>accumulation registers</v8:content>
						</v8:item>
					</Title>
					<ToolTip>
						<v8:item>
							<v8:lang>ru</v8:lang>
							<v8:content>Регистры накопления</v8:content>
						</v8:item>
						<v8:item>
							<v8:lang>en</v8:lang>
							<v8:content>accumulation registers</v8:content>
						</v8:item>
					</ToolTip>
					<ExtendedTooltip name="ГруппаРегистрыНакопленияExtendedTooltip" id="52"/>
					<ChildItems>
						<Table name="СписокРегистровНакопления" id="28">
							<Representation>List</Representation>
							<SkipOnInput>false</SkipOnInput>
							<ChangeRowSet>false</ChangeRowSet>
							<ChangeRowOrder>false</ChangeRowOrder>
							<Header>false</Header>
							<HorizontalLines>false</HorizontalLines>
							<VerticalLines>false</VerticalLines>
							<AutoInsertNewRow>true</AutoInsertNewRow>
							<DataPath>СписокРегистровНакопления</DataPath>
							<SearchStringLocation>None</SearchStringLocation>
							<ViewStatusLocation>None</ViewStatusLocation>
							<SearchControlLocation>None</SearchControlLocation>
							<ContextMenu name="СписокРегистровНакопленияКонтекстноеМеню" id="29"/>
							<AutoCommandBar name="СписокРегистровНакопленияКоманднаяПанель" id="30">
								<Autofill>false</Autofill>
							</AutoCommandBar>
							<ExtendedTooltip name="СписокРегистровНакопленияExtendedTooltip" id="53"/>
							<SearchStringAddition name="СписокРегистровНакопленияСтрокаПоиска" id="70">
								<Source>
									<lf:elementId>28</lf:elementId>
									<lf:additionId>0</lf:additionId>
								</Source>
								<ContextMenu name="СписокРегистровНакопленияСтрокаПоискаКонтекстноеМеню" id="71"/>
								<ExtendedTooltip name="СписокРегистровНакопленияСтрокаПоискаРасширеннаяПодсказка" id="72"/>
							</SearchStringAddition>
							<ViewStatusAddition name="СписокРегистровНакопленияСостояниеПросмотра" id="73">
								<Source>
									<lf:elementId>28</lf:elementId>
									<lf:additionId>1</lf:additionId>
								</Source>
								<HorizontalLocation>Left</HorizontalLocation>
								<ContextMenu name="СписокРегистровНакопленияСостояниеПросмотраКонтекстноеМеню" id="74"/>
								<ExtendedTooltip name="СписокРегистровНакопленияСостояниеПросмотраРасширеннаяПодсказка" id="75"/>
							</ViewStatusAddition>
							<SearchControlAddition name="СписокРегистровНакопленияУправлениеПоиском" id="76">
								<Source>
									<lf:elementId>28</lf:elementId>
									<lf:additionId>2</lf:additionId>
								</Source>
								<ContextMenu name="СписокРегистровНакопленияУправлениеПоискомКонтекстноеМеню" id="77"/>
								<ExtendedTooltip name="СписокРегистровНакопленияУправлениеПоискомРасширеннаяПодсказка" id="78"/>
							</SearchControlAddition>
							<ChildItems>
								<CheckBoxField name="СписокРегистровНакопленияПометка" id="31">
									<DataPath>СписокРегистровНакопления.Check</DataPath>
									<EditMode>EnterOnInput</EditMode>
									<CheckBoxType>Auto</CheckBoxType>
									<ContextMenu name="СписокРегистровНакопленияПометкаКонтекстноеМеню" id="32"/>
									<ExtendedTooltip name="СписокРегистровНакопленияПометкаExtendedTooltip" id="54"/>
								</CheckBoxField>
								<InputField name="СписокРегистровНакопленияПредставление" id="33">
									<DataPath>СписокРегистровНакопления.Presentation</DataPath>
									<ReadOnly>true</ReadOnly>
									<EditMode>EnterOnInput</EditMode>
									<HorizontalStretch>false</HorizontalStretch>
									<ContextMenu name="СписокРегистровНакопленияПредставлениеКонтекстноеМеню" id="34"/>
									<ExtendedTooltip name="СписокРегистровНакопленияПредставлениеExtendedTooltip" id="56"/>
								</InputField>
							</ChildItems>
						</Table>
					</ChildItems>
				</Page>
				<Page name="ГруппаРегистрыСведений" id="26">
					<Title>
						<v8:item>
							<v8:lang>ru</v8:lang>
							<v8:content>Регистры сведений</v8:content>
						</v8:item>
						<v8:item>
							<v8:lang>en</v8:lang>
							<v8:content>registers information</v8:content>
						</v8:item>
					</Title>
					<ToolTip>
						<v8:item>
							<v8:lang>ru</v8:lang>
							<v8:content>Регистры сведений</v8:content>
						</v8:item>
						<v8:item>
							<v8:lang>en</v8:lang>
							<v8:content>registers information</v8:content>
						</v8:item>
					</ToolTip>
					<ExtendedTooltip name="ГруппаРегистрыСведенийExtendedTooltip" id="57"/>
					<ChildItems>
						<Table name="СписокРегистровСведений" id="14">
							<Representation>List</Representation>
							<CommandBarLocation>None</CommandBarLocation>
							<SkipOnInput>false</SkipOnInput>
							<ChangeRowSet>false</ChangeRowSet>
							<ChangeRowOrder>false</ChangeRowOrder>
							<Header>false</Header>
							<HorizontalLines>false</HorizontalLines>
							<VerticalLines>false</VerticalLines>
							<AutoInsertNewRow>true</AutoInsertNewRow>
							<DataPath>СписокРегистровСведений</DataPath>
							<SearchStringLocation>None</SearchStringLocation>
							<ViewStatusLocation>None</ViewStatusLocation>
							<SearchControlLocation>None</SearchControlLocation>
							<ContextMenu name="СписокРегистровСведенийКонтекстноеМеню" id="15"/>
							<AutoCommandBar name="СписокРегистровСведенийКоманднаяПанель" id="16"/>
							<ExtendedTooltip name="СписокРегистровСведенийExtendedTooltip" id="58"/>
							<SearchStringAddition name="СписокРегистровСведенийСтрокаПоиска" id="79">
								<Source>
									<lf:elementId>14</lf:elementId>
									<lf:additionId>0</lf:additionId>
								</Source>
								<ContextMenu name="СписокРегистровСведенийСтрокаПоискаКонтекстноеМеню" id="80"/>
								<ExtendedTooltip name="СписокРегистровСведенийСтрокаПоискаРасширеннаяПодсказка" id="81"/>
							</SearchStringAddition>
							<ViewStatusAddition name="СписокРегистровСведенийСостояниеПросмотра" id="82">
								<Source>
									<lf:elementId>14</lf:elementId>
									<lf:additionId>1</lf:additionId>
								</Source>
								<HorizontalLocation>Left</HorizontalLocation>
								<ContextMenu name="СписокРегистровСведенийСостояниеПросмотраКонтекстноеМеню" id="83"/>
								<ExtendedTooltip name="СписокРегистровСведенийСостояниеПросмотраРасширеннаяПодсказка" id="84"/>
							</ViewStatusAddition>
							<SearchControlAddition name="СписокРегистровСведенийУправлениеПоиском" id="85">
								<Source>
									<lf:elementId>14</lf:elementId>
									<lf:additionId>2</lf:additionId>
								</Source>
								<ContextMenu name="СписокРегистровСведенийУправлениеПоискомКонтекстноеМеню" id="86"/>
								<ExtendedTooltip name="СписокРегистровСведенийУправлениеПоискомРасширеннаяПодсказка" id="87"/>
							</SearchControlAddition>
							<ChildItems>
								<CheckBoxField name="СписокРегистровСведенийПометка" id="39">
									<DataPath>СписокРегистровСведений.Check</DataPath>
									<EditMode>EnterOnInput</EditMode>
									<CheckBoxType>Auto</CheckBoxType>
									<ContextMenu name="СписокРегистровСведенийПометкаКонтекстноеМеню" id="40"/>
									<ExtendedTooltip name="СписокРегистровСведенийПометкаExtendedTooltip" id="59"/>
								</CheckBoxField>
								<InputField name="СписокРегистровСведенийПредставление" id="37">
									<DataPath>СписокРегистровСведений.Presentation</DataPath>
									<ReadOnly>true</ReadOnly>
									<EditMode>EnterOnInput</EditMode>
									<ContextMenu name="СписокРегистровСведенийПредставлениеКонтекстноеМеню" id="38"/>
									<ExtendedTooltip name="СписокРегистровСведенийПредставлениеExtendedTooltip" id="61"/>
								</InputField>
							</ChildItems>
						</Table>
					</ChildItems>
				</Page>
			</ChildItems>
		</Pages>
		<CommandBar name="ГруппаКоманднаяПанель" id="62">
			<Title>
				<v8:item>
					<v8:lang>ru</v8:lang>
					<v8:content>Командная панель</v8:content>
				</v8:item>
				<v8:item>
					<v8:lang>en</v8:lang>
					<v8:content>Command panel</v8:content>
				</v8:item>
			</Title>
			<ToolTip>
				<v8:item>
					<v8:lang>ru</v8:lang>
					<v8:content>Командная панель</v8:content>
				</v8:item>
				<v8:item>
					<v8:lang>en</v8:lang>
					<v8:content>Command panel</v8:content>
				</v8:item>
			</ToolTip>
			<HorizontalLocation>Right</HorizontalLocation>
			<ExtendedTooltip name="ГруппаКоманднаяПанельРасширеннаяПодсказка" id="63"/>
			<ChildItems>
				<Button name="УстановитьНастройку" id="23">
					<Type>CommandBarButton</Type>
					<DefaultButton>true</DefaultButton>
					<SkipOnInput>false</SkipOnInput>
					<CommandName>Form.Command.ПрименитьНастройку</CommandName>
					<Parameter xsi:nil="true"/>
					<ExtendedTooltip name="УстановитьНастройкуExtendedTooltip" id="45"/>
				</Button>
				<Button name="Отмена" id="24">
					<Type>CommandBarButton</Type>
					<SkipOnInput>false</SkipOnInput>
					<CommandName>Form.StandardCommand.Cancel</CommandName>
					<Parameter xsi:nil="true"/>
					<ExtendedTooltip name="ОтменаExtendedTooltip" id="46"/>
				</Button>
			</ChildItems>
		</CommandBar>
	</ChildItems>
	<Attributes>
		<Attribute name="СписокРегистровНакопления" id="2">
			<Title>
				<v8:item>
					<v8:lang>ru</v8:lang>
					<v8:content>Список регистров накопления</v8:content>
				</v8:item>
				<v8:item>
					<v8:lang>en</v8:lang>
					<v8:content>List of storage registers</v8:content>
				</v8:item>
			</Title>
			<Type>
				<v8:Type>v8:ValueListType</v8:Type>
			</Type>
			<Settings xsi:type="v8:TypeDescription">
				<v8:Type>xs:string</v8:Type>
				<v8:StringQualifiers>
					<v8:Length>0</v8:Length>
					<v8:AllowedLength>Variable</v8:AllowedLength>
				</v8:StringQualifiers>
			</Settings>
		</Attribute>
		<Attribute name="Регистры" id="3">
			<Title>
				<v8:item>
					<v8:lang>ru</v8:lang>
					<v8:content>Регистры</v8:content>
				</v8:item>
				<v8:item>
					<v8:lang>en</v8:lang>
					<v8:content>registers</v8:content>
				</v8:item>
			</Title>
			<Type>
				<v8:Type>v8:ValueTable</v8:Type>
			</Type>
			<Columns>
				<Column name="ТипРегистра" id="1">
					<Title>
						<v8:item>
							<v8:lang>ru</v8:lang>
							<v8:content>Тип регистра</v8:content>
						</v8:item>
						<v8:item>
							<v8:lang>en</v8:lang>
							<v8:content>register type</v8:content>
						</v8:item>
					</Title>
					<Type>
						<v8:Type>xs:string</v8:Type>
						<v8:StringQualifiers>
							<v8:Length>20</v8:Length>
							<v8:AllowedLength>Variable</v8:AllowedLength>
						</v8:StringQualifiers>
					</Type>
				</Column>
				<Column name="Имя" id="2">
					<Title>
						<v8:item>
							<v8:lang>ru</v8:lang>
							<v8:content>Имя</v8:content>
						</v8:item>
						<v8:item>
							<v8:lang>en</v8:lang>
							<v8:content>Name</v8:content>
						</v8:item>
					</Title>
					<Type>
						<v8:Type>xs:string</v8:Type>
						<v8:StringQualifiers>
							<v8:Length>100</v8:Length>
							<v8:AllowedLength>Variable</v8:AllowedLength>
						</v8:StringQualifiers>
					</Type>
				</Column>
				<Column name="Синоним" id="3">
					<Title>
						<v8:item>
							<v8:lang>ru</v8:lang>
							<v8:content>Синоним</v8:content>
						</v8:item>
						<v8:item>
							<v8:lang>en</v8:lang>
							<v8:content>Interpretation</v8:content>
						</v8:item>
					</Title>
					<Type>
						<v8:Type>xs:string</v8:Type>
						<v8:StringQualifiers>
							<v8:Length>100</v8:Length>
							<v8:AllowedLength>Variable</v8:AllowedLength>
						</v8:StringQualifiers>
					</Type>
				</Column>
				<Column name="ЕстьДвижения" id="5">
					<Title>
						<v8:item>
							<v8:lang>ru</v8:lang>
							<v8:content>Есть движения</v8:content>
						</v8:item>
						<v8:item>
							<v8:lang>en</v8:lang>
							<v8:content>there is a movement</v8:content>
						</v8:item>
					</Title>
					<Type>
						<v8:Type>xs:boolean</v8:Type>
					</Type>
				</Column>
				<Column name="Отображение" id="6">
					<Title>
						<v8:item>
							<v8:lang>ru</v8:lang>
							<v8:content>Отображение</v8:content>
						</v8:item>
						<v8:item>
							<v8:lang>en</v8:lang>
							<v8:content>Display</v8:content>
						</v8:item>
					</Title>
					<Type>
						<v8:Type>xs:boolean</v8:Type>
					</Type>
				</Column>
			</Columns>
		</Attribute>
		<Attribute name="СписокРегистровСведений" id="4">
			<Title>
				<v8:item>
					<v8:lang>ru</v8:lang>
					<v8:content>Список регистров сведений</v8:content>
				</v8:item>
				<v8:item>
					<v8:lang>en</v8:lang>
					<v8:content>List of data registers</v8:content>
				</v8:item>
			</Title>
			<Type>
				<v8:Type>v8:ValueListType</v8:Type>
			</Type>
			<Settings xsi:type="v8:TypeDescription">
				<v8:Type>xs:string</v8:Type>
				<v8:StringQualifiers>
					<v8:Length>0</v8:Length>
					<v8:AllowedLength>Variable</v8:AllowedLength>
				</v8:StringQualifiers>
			</Settings>
		</Attribute>
		<Attribute name="Картинка" id="1">
			<Title>
				<v8:item>
					<v8:lang>ru</v8:lang>
					<v8:content>Картинка</v8:content>
				</v8:item>
				<v8:item>
					<v8:lang>en</v8:lang>
					<v8:content>Picture</v8:content>
				</v8:item>
			</Title>
			<Type>
				<v8:Type>xs:boolean</v8:Type>
			</Type>
		</Attribute>
	</Attributes>
	<Commands>
		<Command name="УстановитьВсеФлажки" id="1">
			<Title>
				<v8:item>
					<v8:lang>ru</v8:lang>
					<v8:content>Отметить все</v8:content>
				</v8:item>
				<v8:item>
					<v8:lang>en</v8:lang>
					<v8:content>Mark all</v8:content>
				</v8:item>
			</Title>
			<ToolTip>
				<v8:item>
					<v8:lang>ru</v8:lang>
					<v8:content>Отметить все регистры</v8:content>
				</v8:item>
				<v8:item>
					<v8:lang>en</v8:lang>
					<v8:content>Mark registers</v8:content>
				</v8:item>
			</ToolTip>
			<Picture>
				<xr:Ref>StdPicture.CheckAll</xr:Ref>
				<xr:LoadTransparent>true</xr:LoadTransparent>
			</Picture>
			<Action>УстановитьВсеФлажки</Action>
		</Command>
		<Command name="СнятьВсеФлажки" id="2">
			<Title>
				<v8:item>
					<v8:lang>ru</v8:lang>
					<v8:content>Снять все отметки</v8:content>
				</v8:item>
				<v8:item>
					<v8:lang>en</v8:lang>
					<v8:content>Deselect All</v8:content>
				</v8:item>
			</Title>
			<ToolTip>
				<v8:item>
					<v8:lang>ru</v8:lang>
					<v8:content>Снять отметки со всех регистров</v8:content>
				</v8:item>
				<v8:item>
					<v8:lang>en</v8:lang>
					<v8:content>Deselect all registers</v8:content>
				</v8:item>
			</ToolTip>
			<Picture>
				<xr:Ref>StdPicture.UncheckAll</xr:Ref>
				<xr:LoadTransparent>true</xr:LoadTransparent>
			</Picture>
			<Action>СнятьВсеФлажки</Action>
		</Command>
		<Command name="УстановитьСтандартнуюНастройку" id="3">
			<Title>
				<v8:item>
					<v8:lang>ru</v8:lang>
					<v8:content>Стандартная настройка</v8:content>
				</v8:item>
				<v8:item>
					<v8:lang>en</v8:lang>
					<v8:content>Standard settings</v8:content>
				</v8:item>
			</Title>
			<ToolTip>
				<v8:item>
					<v8:lang>ru</v8:lang>
					<v8:content>Отметить только регистры, 
уже имеющие движения</v8:content>
				</v8:item>
				<v8:item>
					<v8:lang>en</v8:lang>
					<v8:content>Mark only registers
 already have traffic</v8:content>
				</v8:item>
			</ToolTip>
			<Action>УстановитьСтандартнуюНастройку</Action>
		</Command>
		<Command name="ПрименитьНастройку" id="4">
			<Title>
				<v8:item>
					<v8:lang>ru</v8:lang>
					<v8:content>ОК</v8:content>
				</v8:item>
				<v8:item>
					<v8:lang>en</v8:lang>
					<v8:content>OK</v8:content>
				</v8:item>
			</Title>
			<Action>ПрименитьНастройку</Action>
		</Command>
	</Commands>
	<Parameters>
		<Parameter name="АдресСпискаРегистров">
			<Type>
				<v8:Type>xs:string</v8:Type>
				<v8:StringQualifiers>
					<v8:Length>0</v8:Length>
					<v8:AllowedLength>Variable</v8:AllowedLength>
				</v8:StringQualifiers>
			</Type>
		</Parameter>
	</Parameters>
</Form>