﻿<?xml version="1.0" encoding="UTF-8"?>
<Form xmlns="http://v8.1c.ru/8.3/xcf/logform" xmlns:app="http://v8.1c.ru/8.2/managed-application/core" xmlns:cfg="http://v8.1c.ru/8.1/data/enterprise/current-config" xmlns:dcscor="http://v8.1c.ru/8.1/data-composition-system/core" xmlns:dcsset="http://v8.1c.ru/8.1/data-composition-system/settings" xmlns:ent="http://v8.1c.ru/8.1/data/enterprise" xmlns:lf="http://v8.1c.ru/8.2/managed-application/logform" xmlns:style="http://v8.1c.ru/8.1/data/ui/style" xmlns:sys="http://v8.1c.ru/8.1/data/ui/fonts/system" xmlns:v8="http://v8.1c.ru/8.1/data/core" xmlns:v8ui="http://v8.1c.ru/8.1/data/ui" xmlns:web="http://v8.1c.ru/8.1/data/ui/colors/web" xmlns:win="http://v8.1c.ru/8.1/data/ui/colors/windows" xmlns:xr="http://v8.1c.ru/8.3/xcf/readable" xmlns:xs="http://www.w3.org/2001/XMLSchema" xmlns:xsi="http://www.w3.org/2001/XMLSchema-instance">
	<AutoCommandBar name="" id="-1"/>
	<ChildItems>
		<UsualGroup name="СписокКомпоновщикНастроекПользовательскиеНастройки" id="1">
			<Title>
				<v8:item>
					<v8:lang>ru</v8:lang>
					<v8:content>Группа пользовательских настроек</v8:content>
				</v8:item>
			</Title>
			<VerticalStretch>false</VerticalStretch>
			<ShowTitle>false</ShowTitle>
			<ExtendedTooltip name="СписокКомпоновщикНастроекПользовательскиеНастройкиРасширеннаяПодсказка" id="2"/>
		</UsualGroup>
		<Table name="Список" id="3">
			<Representation>List</Representation>
			<CommandBarLocation>None</CommandBarLocation>
			<DefaultItem>true</DefaultItem>
			<UseAlternationRowColor>true</UseAlternationRowColor>
			<InitialTreeView>ExpandTopLevel</InitialTreeView>
			<EnableStartDrag>true</EnableStartDrag>
			<DataPath>Список</DataPath>
			<RowPictureDataPath>Список.DefaultPicture</RowPictureDataPath>
			<AutoRefresh>false</AutoRefresh>
			<AutoRefreshPeriod>60</AutoRefreshPeriod>
			<Period xsi:type="v8:StandardPeriod">
				<v8:variant xsi:type="v8:StandardPeriodVariant">Custom</v8:variant>
				<v8:startDate>0001-01-01T00:00:00</v8:startDate>
				<v8:endDate>0001-01-01T00:00:00</v8:endDate>
			</Period>
			<ChoiceFoldersAndItems>Items</ChoiceFoldersAndItems>
			<RestoreCurrentRow>false</RestoreCurrentRow>
			<TopLevelParent xsi:nil="true"/>
			<ShowRoot>true</ShowRoot>
			<AllowRootChoice>false</AllowRootChoice>
			<UpdateOnDataChange>Auto</UpdateOnDataChange>
			<UserSettingsGroup>СписокКомпоновщикНастроекПользовательскиеНастройки</UserSettingsGroup>
			<ContextMenu name="СписокКонтекстноеМеню" id="4"/>
			<AutoCommandBar name="СписокКоманднаяПанель" id="5">
				<Autofill>false</Autofill>
			</AutoCommandBar>
			<ExtendedTooltip name="СписокРасширеннаяПодсказка" id="6"/>
			<SearchStringAddition name="СписокСтрокаПоиска" id="7">
				<Source>
					<lf:elementId>3</lf:elementId>
					<lf:additionId>0</lf:additionId>
				</Source>
				<ContextMenu name="СписокСтрокаПоискаКонтекстноеМеню" id="8"/>
				<ExtendedTooltip name="СписокСтрокаПоискаРасширеннаяПодсказка" id="9"/>
			</SearchStringAddition>
			<ViewStatusAddition name="СписокСостояниеПросмотра" id="10">
				<Source>
					<lf:elementId>3</lf:elementId>
					<lf:additionId>1</lf:additionId>
				</Source>
				<ContextMenu name="СписокСостояниеПросмотраКонтекстноеМеню" id="11"/>
				<ExtendedTooltip name="СписокСостояниеПросмотраРасширеннаяПодсказка" id="12"/>
			</ViewStatusAddition>
			<SearchControlAddition name="СписокУправлениеПоиском" id="13">
				<Source>
					<lf:elementId>3</lf:elementId>
					<lf:additionId>2</lf:additionId>
				</Source>
				<ContextMenu name="СписокУправлениеПоискомКонтекстноеМеню" id="14"/>
				<ExtendedTooltip name="СписокУправлениеПоискомРасширеннаяПодсказка" id="15"/>
			</SearchControlAddition>
			<ChildItems>
				<LabelField name="Измерение1" id="16">
					<DataPath>Список.Измерение1</DataPath>
					<DefaultItem>true</DefaultItem>
					<ContextMenu name="Измерение1КонтекстноеМеню" id="17"/>
					<ExtendedTooltip name="Измерение1РасширеннаяПодсказка" id="18"/>
				</LabelField>
				<LabelField name="Ресурс1" id="19">
					<DataPath>Список.Ресурс1</DataPath>
					<DefaultItem>true</DefaultItem>
					<ContextMenu name="Ресурс1КонтекстноеМеню" id="20"/>
					<ExtendedTooltip name="Ресурс1РасширеннаяПодсказка" id="21"/>
				</LabelField>
				<LabelField name="Реквизит1" id="22">
					<DataPath>Список.Реквизит1</DataPath>
					<DefaultItem>true</DefaultItem>
					<ContextMenu name="Реквизит1КонтекстноеМеню" id="23"/>
					<ExtendedTooltip name="Реквизит1РасширеннаяПодсказка" id="24"/>
				</LabelField>
			</ChildItems>
		</Table>
	</ChildItems>
	<Attributes>
		<Attribute name="Список" id="1">
			<Type>
				<v8:Type>cfg:DynamicList</v8:Type>
			</Type>
			<MainAttribute>true</MainAttribute>
			<Settings xsi:type="DynamicList">
				<ManualQuery>false</ManualQuery>
				<DynamicDataRead>true</DynamicDataRead>
				<MainTable>InformationRegister.РегистрСведений1</MainTable>
				<ListSettings>
					<dcsset:filter>
						<dcsset:viewMode>Normal</dcsset:viewMode>
						<dcsset:userSettingID>dfcece9d-5077-440b-b6b3-45a5cb4538eb</dcsset:userSettingID>
					</dcsset:filter>
					<dcsset:order>
						<dcsset:viewMode>Normal</dcsset:viewMode>
						<dcsset:userSettingID>88619765-ccb3-46c6-ac52-38e9c992ebd4</dcsset:userSettingID>
					</dcsset:order>
					<dcsset:conditionalAppearance>
						<dcsset:viewMode>Normal</dcsset:viewMode>
						<dcsset:userSettingID>b75fecce-942b-4aed-abc9-e6a02e460fb3</dcsset:userSettingID>
					</dcsset:conditionalAppearance>
				</ListSettings>
			</Settings>
		</Attribute>
	</Attributes>
</Form>