﻿<?xml version="1.0" encoding="UTF-8"?>
<Form xmlns="http://v8.1c.ru/8.3/xcf/logform" xmlns:app="http://v8.1c.ru/8.2/managed-application/core" xmlns:cfg="http://v8.1c.ru/8.1/data/enterprise/current-config" xmlns:dcscor="http://v8.1c.ru/8.1/data-composition-system/core" xmlns:dcsset="http://v8.1c.ru/8.1/data-composition-system/settings" xmlns:ent="http://v8.1c.ru/8.1/data/enterprise" xmlns:lf="http://v8.1c.ru/8.2/managed-application/logform" xmlns:style="http://v8.1c.ru/8.1/data/ui/style" xmlns:sys="http://v8.1c.ru/8.1/data/ui/fonts/system" xmlns:v8="http://v8.1c.ru/8.1/data/core" xmlns:v8ui="http://v8.1c.ru/8.1/data/ui" xmlns:web="http://v8.1c.ru/8.1/data/ui/colors/web" xmlns:win="http://v8.1c.ru/8.1/data/ui/colors/windows" xmlns:xr="http://v8.1c.ru/8.3/xcf/readable" xmlns:xs="http://www.w3.org/2001/XMLSchema" xmlns:xsi="http://www.w3.org/2001/XMLSchema-instance">
	<WindowOpeningMode>LockOwnerWindow</WindowOpeningMode>
	<AutoCommandBar name="" id="-1"/>
	<ChildItems>
		<InputField name="Измерение1" id="1">
			<DataPath>Запись.Измерение1</DataPath>
			<ContextMenu name="Измерение1КонтекстноеМеню" id="2"/>
			<ExtendedTooltip name="Измерение1РасширеннаяПодсказка" id="3"/>
		</InputField>
		<InputField name="Ресурс1" id="4">
			<DataPath>Запись.Ресурс1</DataPath>
			<ContextMenu name="Ресурс1КонтекстноеМеню" id="5"/>
			<ExtendedTooltip name="Ресурс1РасширеннаяПодсказка" id="6"/>
		</InputField>
		<InputField name="Реквизит1" id="7">
			<DataPath>Запись.Реквизит1</DataPath>
			<ContextMenu name="Реквизит1КонтекстноеМеню" id="8"/>
			<ExtendedTooltip name="Реквизит1РасширеннаяПодсказка" id="9"/>
		</InputField>
	</ChildItems>
	<Attributes>
		<Attribute name="Запись" id="1">
			<Type>
				<v8:Type>cfg:InformationRegisterRecordManager.РегистрСведений1</v8:Type>
			</Type>
			<MainAttribute>true</MainAttribute>
			<SavedData>true</SavedData>
		</Attribute>
	</Attributes>
</Form>