﻿<?xml version="1.0" encoding="UTF-8"?>
<MetaDataObject xmlns="http://v8.1c.ru/8.3/MDClasses" xmlns:app="http://v8.1c.ru/8.2/managed-application/core" xmlns:cfg="http://v8.1c.ru/8.1/data/enterprise/current-config" xmlns:cmi="http://v8.1c.ru/8.2/managed-application/cmi" xmlns:ent="http://v8.1c.ru/8.1/data/enterprise" xmlns:lf="http://v8.1c.ru/8.2/managed-application/logform" xmlns:style="http://v8.1c.ru/8.1/data/ui/style" xmlns:sys="http://v8.1c.ru/8.1/data/ui/fonts/system" xmlns:v8="http://v8.1c.ru/8.1/data/core" xmlns:v8ui="http://v8.1c.ru/8.1/data/ui" xmlns:web="http://v8.1c.ru/8.1/data/ui/colors/web" xmlns:win="http://v8.1c.ru/8.1/data/ui/colors/windows" xmlns:xen="http://v8.1c.ru/8.3/xcf/enums" xmlns:xpr="http://v8.1c.ru/8.3/xcf/predef" xmlns:xr="http://v8.1c.ru/8.3/xcf/readable" xmlns:xs="http://www.w3.org/2001/XMLSchema" xmlns:xsi="http://www.w3.org/2001/XMLSchema-instance">
	<Report uuid="6b285681-c4a0-4496-85ec-ff7cbd9047b3">
		<InternalInfo>
			<xr:GeneratedType name="ReportObject.КомпоновкаТест" category="Object">
				<xr:TypeId>ed23769c-2cf3-4c1b-996b-971ddcba5815</xr:TypeId>
				<xr:ValueId>a4cbfdd5-b679-4b00-9f03-ded4a9f9b30f</xr:ValueId>
			</xr:GeneratedType>
			<xr:GeneratedType name="ReportManager.КомпоновкаТест" category="Manager">
				<xr:TypeId>adf7f80f-3336-40bb-a197-957f0a77b40a</xr:TypeId>
				<xr:ValueId>f135a7c4-3641-46f2-a0b4-ba7c8475bf1e</xr:ValueId>
			</xr:GeneratedType>
		</InternalInfo>
		<Properties>
			<Name>КомпоновкаТест</Name>
			<Synonym>
				<v8:item>
					<v8:lang>ru</v8:lang>
					<v8:content>Компоновка тест</v8:content>
				</v8:item>
				<v8:item>
					<v8:lang>en</v8:lang>
					<v8:content>Layout test</v8:content>
				</v8:item>
				<v8:item>
					<v8:lang>am</v8:lang>
					<v8:content>አዳዲስ ግምገማዎች ላይ የገዟቸውን</v8:content>
				</v8:item>
			</Synonym>
			<Comment/>
			<UseStandardCommands>true</UseStandardCommands>
			<DefaultForm/>
			<AuxiliaryForm/>
			<MainDataCompositionSchema>Report.КомпоновкаТест.Template.ОсновнаяСхемаКомпоновкиДанных</MainDataCompositionSchema>
			<DefaultSettingsForm/>
			<AuxiliarySettingsForm/>
			<DefaultVariantForm/>
			<VariantsStorage/>
			<SettingsStorage/>
			<IncludeHelpInContents>false</IncludeHelpInContents>
			<ExtendedPresentation/>
			<Explanation/>
		</Properties>
		<ChildObjects>
			<Template>ОсновнаяСхемаКомпоновкиДанных</Template>
		</ChildObjects>
	</Report>
</MetaDataObject>