﻿<?xml version="1.0" encoding="UTF-8"?>
<Rights xmlns="http://v8.1c.ru/8.2/roles" xmlns:xs="http://www.w3.org/2001/XMLSchema" xmlns:xsi="http://www.w3.org/2001/XMLSchema-instance" xsi:type="Rights">
	<setForNewObjects>false</setForNewObjects>
	<setForAttributesByDefault>true</setForAttributesByDefault>
	<independentRightsOfChildObjects>false</independentRightsOfChildObjects>
	<object>
		<name>Configuration.Конфигурация</name>
		<right>
			<name>ThinClient</name>
			<value>true</value>
		</right>
		<right>
			<name>WebClient</name>
			<value>true</value>
		</right>
		<right>
			<name>SaveUserData</name>
			<value>true</value>
		</right>
		<right>
			<name>Output</name>
			<value>true</value>
		</right>
	</object>
</Rights>