﻿{
   "ИмяСборки":"Сборка 8.3.16 UF",
   "ВерсияПлатформы":"8.3.16",
   "ВыводитьСообщенияВФайл": "./ServiceBases/Messages 8.3.16 UF.txt",
   "КаталогПоискаВерсииПлатформы":"C:\\Program Files (x86)\\1cv8",
   "СтрокаПодключенияКБазе":"ENTERPRISE /F.\\ServiceBases\\v83ServiceBase8316",
   "EpfДляИнициализацияБазы": "./epf/init.epf",
   "ПараметрыДляИнициализацияБазы": "./epf/init.json",
   "ПутьКVanessaAutomation": "./../vanessa-automation.epf",
   "КаталогФич": "./features",
   "КаталогОтносительноКоторогоНадоСтроитьИерархию": "./features",
   "УровеньОтчета1": "#report.epic=;Каталог1",
   "УровеньОтчета2": "#report.feature=;Каталог2",
   "УровеньОтчета3": "#report.story=;ИмяСценария",
   "КаталогиБиблиотек":[
   "./features/Libraries"
   ],
     "КлиентыТестирования":[
     {
       "Имя": "Этот клиент",
       "ПутьКИнфобазе": "/F.\\ServiceBases\\v83ServiceBase8316",
       "ДопПараметры": "",
       "ТипКлиента": "Тонкий",
       "ИмяКомпьютера": "localhost",
       "ПортЗапускаТестКлиента": "1538",
	   "АктивизироватьСтроку": "Ложь"
     }
   ],
   "ЗагрузкаФичПриОткрытии": "Не загружать",
   "ВыполнитьСценарии": false,
   "ЗавершитьРаботуСистемы": "Истина",
   "ЗакрытьTestClientПослеЗапускаСценариев": "Ложь",
   "ЗапускатьКлиентТестированияСМаксимизированнымОкном": "Ложь",
   "ЗапускатьТестКлиентВРежимеОтладки": "Истина",
   "АдресОтладчика": "111",
   "ДобавлятьПриНакликиванииМетаИнформацию": "Истина",
   "СоздаватьИнструкциюHTML": "Истина",
   "СоздаватьИнструкциюMarkdown": "Истина",
   "КаталогВыгрузкиСкриншотов": "111",
   "ДелатьОтчетВФорматеСППР": "Истина",
   "ПоказыватьНомерСтрокиДереваПриВозникновенииОшибки": "Истина",
   "БезопасноеВыполнениеШагов": "Истина",
   "ЗапрашиватьПодтверждениеПриЗакрытии": "Истина",
   "ЗапускатьТестКлиентВРежимеОтладки": "Истина",
   "ТегTreeВключенПоУмолчанию": "Истина",
   "ДелатьЛогВыполненияСценариевВЖР": "Истина",
   "ДелатьОтчетВФорматеАллюр": "Ложь",
   "ДелатьОтчетВФорматеjUnit": "Ложь",
   "ДелатьОтчетВФорматеCucumberJson": "Ложь",
   "ДелатьЛогВыполненияСценариевВТекстовыйФайл": "Ложь",
   "ДелатьЛогОшибокВТекстовыйФайл": "Ложь",
   "ИмяКаталогаЛогОшибок": "C:\\Temp\\ЛогОшибокVA",
   "СобиратьДанныеОСостоянииАктивнойФормыПриОшибке": "Ложь",
   "СобиратьДанныеОСостоянииВсехФормПриОшибке": "Ложь",
   "ВыводитьВЛогВыполнениеШагов": "Истина",
   "КаталогOutputAllureБазовый": "./tools/ServiceBases/allurereport_test",
   "КаталогOutputjUnit": "./tools/ServiceBases/junitreport_test",
   "КаталогOutputCucumberJson": "./tools/ServiceBases/cucumber_test",
   "СоздаватьПодкаталогВКаталогеAllureДляЭтойСборки": "Ложь",
   "ДелатьСкриншотПриВозникновенииОшибки": "Ложь",
   "ОстановкаПриВозникновенииОшибки": "Истина",
   "ТаймаутЗапуска1С": "60",
   "ТаймаутДляАсинхронныхШагов": "15",
   "КоличествоСекундПоискаОкна": "10",
   "КоличествоПопытокВыполненияДействия": "2",
   "СниматьСкриншотКаждогоОкна1С": "Ложь",
   "КаталогOutputСкриншоты": "./tools/ServiceBases/ScreenShots",
   "ИмяФайлаЛогВыполненияСценариев": "./tools/ServiceBases/log8316.txt",
   "КомандаСделатьСкриншот": '"C:\\Program Files (x86)\\IrfanView\\i_view32.exe" /capture=1 /convert=',
   "КоэффициентМасштабированияЭкрана": 2,
   "ВыгружатьСтатусВыполненияСценариевВФайл": "Ложь",
   "ДобавлятьКИмениСценарияУсловияВыгрузки": "Ложь",
   "ОбновлятьСтатистикуВДереве": "Истина",
   "ОбновлятьДеревоПриНачалеВыполненияСценария": "Истина",
   "ПутьКФайлуДляВыгрузкиСтатусаВыполненияСценариев": "./tools/ServiceBases/BuildStatus.log",
   "ВерсияПлатформыДляГенерацииEPF": "C:/Program Files (x86)/1cv8/8.3.10.2772/bin",
   "ПриравниватьPendingКFailed": "Истина",
   "СписокТеговИсключение":[
   "IgnoreOnCIMainBuild",
   "IgnoreOn8316",
   "IgnoreOnUFBuilds", 
   "Ignore"
   ],
   "ИспользоватьSikuliXСервер":"Ложь",
   "ЗаписьВидеоЭмулироватьДвиженияМышки":"Ложь",
   "КаталогДляГенерацииКартинок":"C:\\Temp\\pict",
   "КаталогВыгрузкиИнструкцийHTML":"C:\\Temp\\HTML",
   "КаталогиСкриптовSikuliX":"C:\\Temp\\SikuliX",
   "КаталогВыгрузкиИнструкцийВидео":"C:\\Temp\\Video\\111",
   "СоздаватьИнструкциюВидео":"Ложь",
   "ЗаписьВидеоYandexTTSЯзык":"ru-RU",
   "ЗаписьВидеоYandexTTSГолос":"oksana",
   "ЗаписьВидеоYandexTTSЭмоция":"good",
   "ЗаписьВидеоYandexTTSСкорость":"1,1",
   "ЗаписьВидеоYandexTTSИдентификаторКаталога":"1111111",
   "ЗаписьВидеоYandexTTSOauthToken":"C:\\Temp\\yatoken.txt",
   "ЗаписьВидеоAmazonЯзык":"en-US",
   "ЗаписьВидеоAmazonГолос":"Aditi",
   "ЗаписьВидеоAmazonДвижок":"standard",
   "ЗаписьВидеоГруппаШаговКакШаг":"Ложь",
   "ЗаписьВидеоОтключитьСлайдСЗаголовкомФичи":"Ложь",
   "ЗаписьВидеоОтключитьСлайдСценария":"Ложь",
   "ЗаписьВидеоОтключитьСлайдФинал":"Ложь",
   "ЗаписьВидеоГромкостьМузыки":"0.2",
   "ВыполнятьШагиАссинхронно":"Истина",
   "ЗаписьВидеоКомандаНачатьЗаписьВидео": '"C:\\Program Files (x86)\\VideoLAN\\VLC\\vlc.exe" screen://  -I rc --rc-quiet --rc-host=127.0.0.1:8082 --nommx :screen-mouse-image="<screenmouseimage>" :screen-fps=<fps> :screen-width=<screenwidth> :screen-height=<screenheight> :screen-top=0 :screen-left=0 :screen-caching=100 :sout=#transcode{vcodec=mp4v,vb=400,fps=<fps>,scale=1,width=<screenwidth>,height=<screenheight>,acodec=none}:duplicate{dst=std{access=file,mux=mp4,dst=<dst>}}',
   "ЗаписьВидеоФайлКурсораМышки": "./tools/VideoTools/mouse.png",
   "ЗаписьВидеоКаталогДляВременныхФайлов": "./tools/VideoTemp",
   "ЗаписьВидеоФайлВодянойЗнак": "./tools/VideoTools/logo.png",
   "ЗаписьВидеоКомандаFfmpeg": "ffmpeg",
   "ЗаписьВидеоКомандаConvert": "magick convert",
   "ЗаписьВидеоКаталогМузыки": "./tools/../../vanessa-ci/MakeVideoInstr/music",
   "ЗаписьВидеоДелатьНаложениеTTS": "Ложь",
   "ЗаписьВидеоПутьКДвижкуTTS": "balabolka_console",
   "ЗаписьВидеоИмяTTS": "Elena",
   "ЗаписьВидеоСкоростьПроизношения": "1",
   "ЗаписьВидеоСловарьЗамен": "./tools/VideoTools/libtts.txt",
   "ЗаписьВидеоСловарьЗаменСписок":[
   "./tools/VideoTools/libtts.txt"
   ],
   "ЗаписьВидеоЭкранШирина": "1920",
   "ЗаписьВидеоЭкранВысота": "1080",
   "ЗаписьВидеоКоличествоКадров": "5",
   "ЗаписьВидеоСкрытьСлужебныеОкна": "Ложь",
   "ЗаписьВидеоПодсвечиватьАктивныеЭлементыФорм": "Ложь",
   "ЗаписьВидеоПеремещатьКурсорМышкиКАктивномуЭлементуФормы": "Ложь"
}
