﻿{
	"Version": "1.2.030",
	"Lang": "ru",
	"DebugLog": false,
	"ВерсияVA": "ver 1.2.030",
	"КаталогФич": "",
	"ДобавлятьКИмениСценарияУсловияВыгрузки": false,
	"ЗагрузкаФичПриОткрытии": "Загружать",
	"ВерсияПлатформыДляГенерацииEPF": "C:\\Program Files (x86)\\1cv8\\8.3.16.1275\\bin\\",
	"КомандаОткрытияФичиВТекстовомРедакторе": "\"C:\\Program Files (x86)\\Notepad++\\notepad++.exe\" %Feature% -n%LineNumber%",
	"ПоставщикПользовательскихНастроек": "FILE",
	"ВыполнениеСценариев": {
		"ВыполнятьШагиАссинхронно": false,
		"ИнтервалВыполненияШагаЗаданныйПользователем": 1,
		"ОбновлятьСтатистикуВДереве": true,
		"ОбновлятьДеревоПриНачалеВыполненияСценария": true,
		"ОстановкаПриВозникновенииОшибки": true,
		"ПоказыватьНомерСтрокиДереваПриВозникновенииОшибки": false,
		"ПриравниватьPendingКFailed": true,
		"ТаймаутДляАсинхронныхШагов": 0,
		"КоличествоСекундПоискаОкна": 5,
		"КоличествоПопытокВыполненияДействия": 2,
		"БезопасноеВыполнениеШагов": false,
		"ПаузаПриОткрытииОкна": 0
	},
	"КлиентТестирования": {
		"ЗапускатьКлиентТестированияСМаксимизированнымОкном": false,
		"ТаймаутЗапуска1С": 25,
		"ДиапазонПортовTestclient": "",
		"ЗапускатьТестКлиентВРежимеОтладки": false,
		"КлючиОтладки": "",
		"АдресОтладчика": "",
		"ДанныеКлиентовТестирования": [
			{
				"Имя": "VanessaUserEN",
				"ПутьКИнфобазе": "File=\"C:\\Bases\\8.3.16\";",
				"ПортЗапускаТестКлиента": 48000,
				"ДопПараметры": "/N\"VanessaUserEN\" /P\"1\"  /Len /Vlen",
				"ТипКлиента": "Тонкий",
				"ИмяКомпьютера": "localhost"
			}
		]
	},
	"ДелатьОтчетВФорматеАллюр": false,
	"ДелатьОтчетВФорматеjUnit": false,
	"ДелатьОтчетВФорматеCucumberJson": false,
	"ДелатьОтчетВФорматеСППР": false,
	"СоздаватьИнструкциюHTML": false,
	"СоздаватьИнструкциюMarkdown": false,
	"ДелатьОтчетВоВнутреннемФормате": false,
	"КаталогиБиблиотек": [
		"$instrumentsRoot/features/libraries"
	],
	"СписокТеговИсключение": [
		"IgnoreOnCIMainBuild",
		"IgnoreOn8316",
		"IgnoreOnUFBuilds"
	],
	"ДелатьЛогВыполненияСценариевВЖР": false,
	"ДелатьЛогВыполненияСценариевВТекстовыйФайл": false,
	"ВыводитьВЛогВыполнениеШагов": false,
	"ДелатьЛогОшибокВТекстовыйФайл": false,
	"СобиратьДанныеОСостоянииАктивнойФормыПриОшибке": false,
	"СобиратьДанныеОСостоянииВсехФормПриОшибке": false,
	"КомандаСделатьСкриншот": "\"C:\\Program Files (x86)\\IrfanView\\i_view32.exe\" /capture=1 /convert=",
	"ИспользоватьКомпонентуVanessaExt": false,
	"ИспользоватьВнешнююКомпонентуДляСкриншотов": false,
	"СпособСнятияСкриншотовВнешнейКомпонентой": 2,
	"ДелатьСкриншотПриВозникновенииОшибки": false,
	"СниматьСкриншотКаждогоОкна1С": false,
	"КаталогВыгрузкиСкриншотов": "C:\\Temp\\screenshots",
	"КаталогПроекта": "C:\\Commons\\rep\\vanessa-automation",
	"СоздаватьИнструкциюВидео": false,
	"ИспользоватьSikuliXСервер": true,
	"SikuliXServer": {
		"КаталогиСкриптовSikuliX": "C:\\Commons\\rep\\vanessa-automation\\tools\\sikuli\\",
		"КаталогДляГенерацииКартинок": ""
	},
	"ИскатьЭлементыФормыПоИмени": true,
	"ДобавлятьПриНакликиванииМетаИнформацию": false,
	"ТегTreeВключенПоУмолчанию": true
}