﻿{
   "ИмяСборки":"Сборка 8.3.16 UF",
   "ВерсияПлатформы":"8.3.16",
   "ВыводитьСообщенияВФайл": "./ServiceBases/Messages 8.3.16 UF.txt",
   "КаталогПоискаВерсииПлатформы":"C:\\Program Files (x86)\\1cv8",
   "СтрокаПодключенияКБазе":"ENTERPRISE /F.\\ServiceBases\\v83ServiceBase8316",
   "EpfДляИнициализацияБазы": "./epf/init.epf",
   "ПараметрыДляИнициализацияБазы": "./epf/init.json",
   "ПутьКVanessaAutomation": "./../vanessa-automation.epf",
   "КаталогФич": "./features",
   "КаталогПроекта": "$workspaceRoot",
   "ТаймаутЗапуска1С": "61",
   "ПоказыватьСтрокиПодсценариевVanessaEdittor": false,
   "ПоказыватьМиниатюруКода": false,
   "ОтображениеТабуляцииИПробелов": 3,
   "ПутьКФайлуДляВыгрузкиСтатусаВыполненияСценариев": "$workspaceRoot\\BuildStatus.log"
}
