﻿{
	"Type": "Video",
	"GlobalVars":
     {
		"ВключенРежимОбучения": true
     },
	"VAPath": "C:\\Commons\\rep\\vanessa-automation",
	"Lang": "ru",
	"ResultPath": "C:\\Temp\\video",
	"Path1c": "C:\\Program Files (x86)\\1cv8\\8.3.22.1368\\bin\\1cv8c.exe",
	"ConnectionString": "/Fc:\\Bases\\8.3.22",
	"ОтборКаталогов": ["Глава00"],
	"СоздаватьИнструкциюВидео": true,
	"КаталогВыгрузкиИнструкцийВидео": "C:\\Temp\\Video",
	"КаталогКешОзвучкиДляИнтерактивнойСправки": "C:\\Temp\\TTSCache",
	"ЗаписьВидеоИнструмент": "ffmpeg",
	"ЗаписьВидеоЭкранШирина": 1920,
	"ЗаписьВидеоЭкранВысота": 1080,
	"ЗаписьВидеоЭкранСлева": 0,
	"ЗаписьВидеоЭкранСверху": 0,
	"ЗаписьВидеоКоличествоКадров": 30,
	"ЗаписьВидеоФайлКурсораМышки": "C:\\Commons\\rep\\vanessa-automation\\tools\\VideoTools\\mouse.png",
	"ЗаписьВидеоПодсвечиватьАктивныеЭлементыФорм": false,
	"ЗаписьВидеоПеремещатьКурсорМышкиКАктивномуЭлементуФормы": false,
	"ЗаписьВидеоКаталогДляВременныхФайлов": "C:\\Commons\\rep\\vanessa-automation\\tools\\VideoTemp",
	"ЗаписьВидеоФайлВодянойЗнак": "C:\\Commons\\rep\\vanessa-automation\\tools\\VideoTools\\logo.png",
	"ЗаписьВидеоКомандаFfmpeg": "ffmpeg",
	"ЗаписьВидеоКомандаConvert": "magick convert",
	"ЗаписьВидеоКаталогМузыки": "C:\\Temp\\Music\\SoftMusic",
	"ЗаписьВидеоГромкостьМузыки": 0.03,
	"ЗаписьВидеоДелатьНаложениеTTS": true,
	"ЗаписьВидеоТипОзвучкиTTS": 1,
	"ЗаписьВидеоСловарьЗамен": [
		"C:\\Commons\\rep\\vanessa-automation\\tools\\VideoTools\\libtts.txt"
	],
	"ЗаписьВидеоГруппаШаговКакШаг": true,
	"ЗаписьВидеоОтключитьМасштабированиеШаговПоВремени": false,
	"ЗаписьВидеоПодсвечиватьНажатияМышки": false,
	"ЗаписьВидеоОтключитьСлайдСЗаголовкомФичи": true,
	"ЗаписьВидеоОтключитьСлайдСценария": true,
	"ЗаписьВидеоОтключитьСлайдФинал": false,
	"ЗаписьВидеоЭмулироватьВводСКлавиатуры": false,
	"ЗаписьВидеоСкрытьСлужебныеОкна": true,
	"ЗаписьВидеоСкоростьПроизношения": 1,
	"ЗаписьВидеоКэшироватьФайлыTTS": true,
	"ЗаписьВидеоКэшФайловTTS": "C:\\Temp\\TTSCache",
	"ЗаписьВидеоКэшироватьВидеоВставки": false,
	"ЗаписьВидеоКэшВидеоВставок": "",
	"ЗаписьВидеоДобавлятьСубтитры": false,
	"ЗаписьВидеоПроцентУскорения": 25,
	"ЗаписьВидеоФормироватьИнструкциюТипВидео": true,
	"ЗаписьВидеоФормироватьИнструкциюТипHTML": false,
	"ЗаписьВидеоФормироватьИнструкциюТипMarkdown": false,
	"ЗаписьВидеоЭмулироватьДвиженияМышкиSikuliX": false,
	"ЗаписьВидеоЗаменитьСлайдЗаголовок": false,
	"ЗаписьВидеоПутьКСлайдуЗаголовок": "",
	"ЗаписьВидеоДобавитьМузыкуКСлайдуЗаголовок": false,
	"ЗаписьВидеоЗаменитьСлайдФинал": false,
	"ЗаписьВидеоПутьКСлайдуФинал": "",
	"ЗаписьВидеоДобавитьМузыкуКСлайдуФинал": false,
	"ЭмулироватьДвиженияМышкиVanessaExt": true,
	"ПодсвечиватьКликМышкиВБраузереVanessaExt": true,
	"ЦветПодсветкиКликаМышкиVanessaExt": 32768,
	"РадиусПодсветкиКликаМышкиVanessaExt": 25,
	"ДлительностьПодсветкиКликаМышкиVanessaExt": 10,
	"ТолщинаПодсветкиКликаМышкиVanessaExt": 12,
	"ПрозрачностьПодсветкиКликаМышкиVanessaExt": 127,
	"ПоискКартинокСПомощьюКомпонентыVanessaExt": true,
	"ПорогПоискаКартинки": 0.99,
	"ВыполнитьНастройкиПриЗаписиИнтерактивнойСправки": true,
	"СкрытьПанельРазделов": true,
	"УстановитьВерсиюОбработкиНаРелизную": true,
	"ИспользоватьКомпонентуVanessaExt": true,
	"ПодключатьГорячуюКлавишуДляПолученияСправкиОбЭлементе": false,
	"ЗавершитьРаботуСистемы": true
}