﻿{
	"Type": "MD",
	"GlobalVars":
     {
		"ВключенРежимОбучения": true
     },
	"VAPath": "C:\\Commons\\rep\\vanessa-automation",
	"Lang": "ru",
	"ResultPath": "C:\\Temp\\Markdown",
	"Path1c": "C:\\Program Files (x86)\\1cv8\\8.3.22.1368\\bin\\1cv8c.exe",
	"ConnectionString": "/Fc:\\Bases\\8.3.22",
	"ОтборКаталогов": ["Глава00","Глава01"],
	"СоздаватьИнструкциюMarkdown": true,
	"КаталогВыгрузкиИнструкцийMarkdown": "C:\\Temp\\Markdown\\tempInstr",
	"ТекстовыеИнструкцииГруппаШаговКакШаг": true,
	"ДобавлятьИмяФичиВТекстовуюИнструкцию": false,
	"ДобавлятьИмяСценарияВТекстовуюИнструкцию": false,
	"ВыполнитьНастройкиПриЗаписиИнтерактивнойСправки": true,
	"СкрытьПанельРазделов": true,
	"УстановитьВерсиюОбработкиНаРелизную": true,
	"ИспользоватьКомпонентуVanessaExt": true,
	"ИспользоватьВнешнююКомпонентуДляСкриншотов": true,
	"ПодключатьГорячуюКлавишуДляПолученияСправкиОбЭлементе": false,
	"ЗавершитьРаботуСистемы": true
}